player_name,stand,pitch_type_condensed,game_pk,at_bat_number,pitch_number
"Ortega, Rafael",L,SL,716355,70,1
"Ortega, Rafael",L,FF,716355,70,2
"Ortega, Rafael",L,CB,716355,70,3
"Ortega, Rafael",L,CH,716355,70,4
"Ortega, Rafael",L,SL,716355,70,5
"Mauricio, Ronny",L,CB,716355,71,1
"Mauricio, Ronny",L,SL,716355,71,2
"Mauricio, Ronny",L,CH,716355,71,3
"Mauricio, Ronny",L,CH,716355,71,4
"Mauricio, Ronny",L,CB,716355,71,5
"Mauricio, Ronny",L,CH,716355,71,6
"Alonso, Pete",R,SL,716355,72,1
"Alonso, Pete",R,SL,716355,72,2
"Alonso, Pete",R,CH,716355,72,3
"Palacios, Joshua",L,SL,716409,45,1
"Palacios, Joshua",L,SL,716409,45,2
"Rivas, Alfonso",L,CB,716409,46,1
"Rivas, Alfonso",L,CH,716409,46,2
"Rivas, Alfonso",L,CH,716409,46,3
"Rivas, Alfonso",L,FF,716409,46,4
"Gonzales, Nick",R,SL,716409,47,1
"Gonzales, Nick",R,SI,716409,47,2
"Gonzales, Nick",R,SI,716409,47,3
"Gonzales, Nick",R,SL,716409,47,4
"Gonzales, Nick",R,CH,716409,47,5
"Gonzales, Nick",R,SI,716409,47,6
"Delay, Jason",R,SI,716409,48,1
"Delay, Jason",R,SI,716409,48,2
"Delay, Jason",R,FF,716409,48,3
"Bae, Ji Hwan",L,CB,716409,49,1
"Bae, Ji Hwan",L,CH,716409,49,2
"Reynolds, Bryan",L,CB,716409,50,1
"Reynolds, Bryan",L,CH,716409,50,2
"Reynolds, Bryan",L,FF,716409,50,3
"Reynolds, Bryan",L,CH,716409,50,4
"Reynolds, Bryan",L,FF,716409,50,5
"Reynolds, Bryan",L,CB,716409,50,6
"Reynolds, Bryan",L,CH,716409,50,7
"Reynolds, Bryan",L,FF,716409,50,8
"Reynolds, Bryan",L,CH,716409,50,9
"Reynolds, Bryan",L,FF,716409,50,10
"Reynolds, Bryan",L,FF,716409,50,11
"Triolo, Jared",R,SL,716409,54,1
"Triolo, Jared",R,SL,716409,54,2
"Triolo, Jared",R,SI,716409,54,3
"Suwinski, Jack",L,SL,716409,55,1
"Andujar, Miguel",R,SI,716409,56,1
"Andujar, Miguel",R,SI,716409,56,2
"Andujar, Miguel",R,SL,716409,56,3
"Andujar, Miguel",R,CH,716409,56,4
"Andujar, Miguel",R,SI,716409,56,5
"Andujar, Miguel",R,SL,716409,56,6
"Andujar, Miguel",R,SL,716409,56,7
"Palacios, Joshua",L,FF,716409,57,1
"McNeil, Jeff",L,FF,716454,61,1
"McNeil, Jeff",L,CB,716454,61,2
"Mauricio, Ronny",L,CB,716454,62,1
"Mauricio, Ronny",L,CH,716454,62,2
"Mauricio, Ronny",L,FF,716454,62,3
"Mauricio, Ronny",L,CH,716454,62,4
"Alonso, Pete",R,SL,716454,63,1
"Alonso, Pete",R,SL,716454,63,2
"Alonso, Pete",R,SL,716454,63,3
"Alonso, Pete",R,FF,716454,63,4
"Alonso, Pete",R,CH,716454,63,5
"Alonso, Pete",R,CH,716454,63,6
"Alonso, Pete",R,SI,716454,63,7
"Acuña Jr., Ronald",R,SI,716521,35,1
"Albies, Ozzie",L,SL,716521,36,1
"Albies, Ozzie",L,CH,716521,36,2
"Albies, Ozzie",L,FF,716521,36,3
"Riley, Austin",R,SL,716521,37,1
"Riley, Austin",R,SI,716521,37,2
"Riley, Austin",R,FF,716521,37,3
"Riley, Austin",R,SL,716521,37,4
"Riley, Austin",R,FF,716521,37,5
"Riley, Austin",R,CH,716521,37,6
"Riley, Austin",R,SI,716521,37,7
"Riley, Austin",R,SI,716521,37,8
"Riley, Austin",R,CH,716521,37,9
"Riley, Austin",R,SL,716521,37,10
"Olson, Matt",L,FF,716521,38,1
"Olson, Matt",L,FF,716521,38,2
"Olson, Matt",L,SL,716521,38,3
"Olson, Matt",L,FF,716521,38,4
"Olson, Matt",L,CH,716521,38,5
"Olson, Matt",L,SL,716521,38,6
"Ozuna, Marcell",R,SL,716521,39,1
"Ozuna, Marcell",R,FF,716521,39,2
"Ozuna, Marcell",R,SI,716521,39,3
"d'Arnaud, Travis",R,SL,716521,40,1
"d'Arnaud, Travis",R,SL,716521,40,2
"d'Arnaud, Travis",R,SL,716521,40,3
"d'Arnaud, Travis",R,FF,716521,40,4
"d'Arnaud, Travis",R,SL,716521,40,5
"d'Arnaud, Travis",R,SL,716521,40,6
"d'Arnaud, Travis",R,FF,716521,40,7
"d'Arnaud, Travis",R,SI,716521,40,8
"d'Arnaud, Travis",R,SL,716521,40,9
"Arcia, Orlando",R,SI,716521,41,1
"Arcia, Orlando",R,SL,716521,41,2
"Arcia, Orlando",R,SL,716521,41,3
"Arcia, Orlando",R,CH,716521,41,4
"Arcia, Orlando",R,CH,716521,41,5
"Acuña Jr., Ronald",R,SI,716590,1,1
"Acuña Jr., Ronald",R,SI,716590,1,2
"Acuña Jr., Ronald",R,SI,716590,1,3
"Acuña Jr., Ronald",R,SI,716590,1,4
"Acuña Jr., Ronald",R,SL,716590,1,5
"Harris II, Michael",L,FF,716590,2,1
"Harris II, Michael",L,FF,716590,2,2
"Harris II, Michael",L,FF,716590,2,3
"Harris II, Michael",L,CH,716590,2,4
"Harris II, Michael",L,CH,716590,2,5
"Harris II, Michael",L,FF,716590,2,6
"Harris II, Michael",L,CH,716590,2,7
"Riley, Austin",R,SI,716590,3,1
"Riley, Austin",R,FF,716590,3,2
"Riley, Austin",R,SL,716590,3,3
"Riley, Austin",R,SL,716590,3,4
"Riley, Austin",R,FF,716590,3,5
"Olson, Matt",L,FF,716590,4,1
"Olson, Matt",L,CH,716590,4,2
"Olson, Matt",L,FF,716590,4,3
"Olson, Matt",L,FF,716590,4,4
"Olson, Matt",L,FF,716590,4,5
"Murphy, Sean",R,SL,716590,5,1
"Murphy, Sean",R,SI,716590,5,2
"Murphy, Sean",R,SL,716590,5,3
"Murphy, Sean",R,SL,716590,5,4
"Murphy, Sean",R,FF,716590,5,5
"Murphy, Sean",R,FF,716590,5,6
"Murphy, Sean",R,FF,716590,5,7
"Rosario, Eddie",L,FF,716590,15,1
"Rosario, Eddie",L,CB,716590,15,2
"Rosario, Eddie",L,CB,716590,15,3
"Rosario, Eddie",L,FF,716590,15,4
"Rosario, Eddie",L,CH,716590,15,5
"Rosario, Eddie",L,CB,716590,15,6
"Rosario, Eddie",L,CH,716590,15,7
"Arcia, Orlando",R,FF,716590,16,1
"Arcia, Orlando",R,SI,716590,16,2
"Arcia, Orlando",R,SL,716590,16,3
"Arcia, Orlando",R,SI,716590,16,4
"Pillar, Kevin",R,SL,716590,17,1
"Pillar, Kevin",R,FF,716590,17,2
"Pillar, Kevin",R,CH,716590,17,3
"Pillar, Kevin",R,SL,716590,17,4
"Pillar, Kevin",R,SL,716590,17,5
"Pillar, Kevin",R,SI,716590,17,6
"Lopez, Nicky",L,FF,716590,22,1
"Lopez, Nicky",L,FF,716590,22,2
"Acuña Jr., Ronald",R,FF,716590,23,1
"Acuña Jr., Ronald",R,SI,716590,23,2
"Acuña Jr., Ronald",R,CH,716590,23,3
"Acuña Jr., Ronald",R,SL,716590,23,4
"Acuña Jr., Ronald",R,FF,716590,23,5
"Harris II, Michael",L,CB,716590,24,1
"Harris II, Michael",L,FF,716590,24,2
"Riley, Austin",R,FF,716590,25,1
"Riley, Austin",R,SI,716590,25,2
"Riley, Austin",R,SI,716590,25,3
"Riley, Austin",R,SL,716590,25,4
"Riley, Austin",R,SL,716590,25,5
"Olson, Matt",L,CB,716590,26,1
"Olson, Matt",L,FF,716590,26,2
"Olson, Matt",L,FF,716590,26,3
"Olson, Matt",L,CB,716590,26,4
"Murphy, Sean",R,SI,716590,27,1
"Murphy, Sean",R,SI,716590,27,2
"Murphy, Sean",R,SL,716590,27,3
"Rosario, Eddie",L,SL,716590,31,1
"Rosario, Eddie",L,CH,716590,31,2
"Rosario, Eddie",L,FF,716590,31,3
"Rosario, Eddie",L,CH,716590,31,4
"Arcia, Orlando",R,SI,716590,32,1
"Arcia, Orlando",R,SL,716590,32,2
"Arcia, Orlando",R,SL,716590,32,3
"Arcia, Orlando",R,FF,716590,32,4
"Arcia, Orlando",R,SI,716590,32,5
"Arcia, Orlando",R,SI,716590,32,6
"Pillar, Kevin",R,CH,716590,33,1
"Pillar, Kevin",R,SL,716590,33,2
"Lopez, Nicky",L,SL,716590,40,1
"Lopez, Nicky",L,FF,716590,40,2
"Lopez, Nicky",L,CH,716590,40,3
"Acuña Jr., Ronald",R,FF,716590,41,1
"Acuña Jr., Ronald",R,SI,716590,41,2
"Harris II, Michael",L,SL,716590,42,1
"Harris II, Michael",L,CH,716590,42,2
"Harris II, Michael",L,FF,716590,42,3
"Harris II, Michael",L,CH,716590,42,4
"Harris II, Michael",L,FF,716590,42,5
"Riley, Austin",R,SI,716590,43,1
"Olson, Matt",L,SL,716590,48,1
"Olson, Matt",L,CH,716590,48,2
"Olson, Matt",L,FF,716590,48,3
"Olson, Matt",L,FF,716590,48,4
"Olson, Matt",L,CH,716590,48,5
"Olson, Matt",L,CH,716590,48,6
"Kim, Ha-Seong",R,FF,716703,4,1
"Kim, Ha-Seong",R,FF,716703,4,2
"Kim, Ha-Seong",R,CH,716703,4,3
"Kim, Ha-Seong",R,SL,716703,4,4
"Kim, Ha-Seong",R,FF,716703,4,5
"Kim, Ha-Seong",R,CH,716703,4,6
"Tatis Jr., Fernando",R,FF,716703,5,1
"Tatis Jr., Fernando",R,SL,716703,5,2
"Tatis Jr., Fernando",R,SL,716703,5,3
"Soto, Juan",L,FF,716703,6,1
"Soto, Juan",L,SL,716703,6,2
"Soto, Juan",L,SL,716703,6,3
"Soto, Juan",L,FF,716703,6,4
"Soto, Juan",L,FF,716703,6,5
"Soto, Juan",L,SI,716703,6,6
"Machado, Manny",R,FF,716703,11,1
"Machado, Manny",R,FF,716703,11,2
"Bogaerts, Xander",R,FF,716703,12,1
"Bogaerts, Xander",R,FF,716703,12,2
"Bogaerts, Xander",R,FF,716703,12,3
"Bogaerts, Xander",R,FF,716703,12,4
"Campusano, Luis",R,SI,716703,13,1
"Campusano, Luis",R,SI,716703,13,2
"Carpenter, Matt",L,FF,716703,18,1
"Carpenter, Matt",L,SL,716703,18,2
"Carpenter, Matt",L,SL,716703,18,3
"Carpenter, Matt",L,SL,716703,18,4
"Batten, Matthew",R,FF,716703,19,1
"Batten, Matthew",R,SI,716703,19,2
"Grisham, Trent",L,FF,716703,20,1
"Grisham, Trent",L,FF,716703,20,2
"Grisham, Trent",L,FF,716703,20,3
"Grisham, Trent",L,CH,716703,20,4
"Grisham, Trent",L,SL,716703,20,5
"Grisham, Trent",L,CH,716703,20,6
"Kim, Ha-Seong",R,SL,716703,21,1
"Kim, Ha-Seong",R,FF,716703,21,2
"Kim, Ha-Seong",R,SI,716703,21,3
"Kim, Ha-Seong",R,FF,716703,21,4
"Tatis Jr., Fernando",R,CH,716703,25,1
"Tatis Jr., Fernando",R,SL,716703,25,2
"Tatis Jr., Fernando",R,FF,716703,25,3
"Soto, Juan",L,CH,716703,26,1
"Soto, Juan",L,CH,716703,26,2
"Machado, Manny",R,CH,716703,27,1
"Machado, Manny",R,SL,716703,27,2
"Machado, Manny",R,SL,716703,27,3
"Bogaerts, Xander",R,SI,716703,28,1
"Bogaerts, Xander",R,CH,716703,28,2
"Bogaerts, Xander",R,CH,716703,28,3
"Bogaerts, Xander",R,SL,716703,28,4
"Bogaerts, Xander",R,CH,716703,28,5
"Bogaerts, Xander",R,CH,716703,28,6
"Campusano, Luis",R,SI,716703,29,1
"Carpenter, Matt",L,SL,716703,30,1
"Carpenter, Matt",L,SL,716703,30,2
"Carpenter, Matt",L,SL,716703,30,3
"Batten, Matthew",R,SI,716703,35,1
"Batten, Matthew",R,SI,716703,35,2
"Batten, Matthew",R,SI,716703,35,3
"Grisham, Trent",L,FF,716703,36,1
"Grisham, Trent",L,SL,716703,36,2
"Grisham, Trent",L,CH,716703,36,3
"Grisham, Trent",L,SL,716703,36,4
"Kim, Ha-Seong",R,FF,716703,37,1
"Kim, Ha-Seong",R,SL,716703,37,2
"Kim, Ha-Seong",R,SL,716703,37,3
"Kim, Ha-Seong",R,SI,716703,37,4
"Kim, Ha-Seong",R,SI,716703,37,5
"Tatis Jr., Fernando",R,SI,716703,41,1
"Tatis Jr., Fernando",R,SI,716703,41,2
"Tatis Jr., Fernando",R,SI,716703,41,3
"Tatis Jr., Fernando",R,SI,716703,41,4
"Tatis Jr., Fernando",R,SI,716703,41,5
"Soto, Juan",L,FF,716703,42,1
"Soto, Juan",L,FF,716703,42,2
"Soto, Juan",L,SL,716703,42,3
"Machado, Manny",R,FF,716703,43,1
"Machado, Manny",R,FF,716703,43,2
"Machado, Manny",R,CH,716703,43,3
"Machado, Manny",R,FF,716703,43,4
"Machado, Manny",R,SL,716703,43,5
"Bogaerts, Xander",R,SI,716703,44,1
"Campusano, Luis",R,SI,716703,45,1
"Carpenter, Matt",L,FF,716703,46,1
"Carpenter, Matt",L,SL,716703,46,2
"Carpenter, Matt",L,FF,716703,46,3
"Carpenter, Matt",L,FF,716703,46,4
"Batten, Matthew",R,SL,716703,47,1
"Batten, Matthew",R,SL,716703,47,2
"Batten, Matthew",R,SI,716703,47,3
"Grisham, Trent",L,FF,716703,48,1
"Kim, Ha-Seong",R,SL,716703,49,1
"Kim, Ha-Seong",R,SL,716703,49,2
"Schanuel, Nolan",L,FF,716806,1,1
"Schanuel, Nolan",L,FF,716806,1,2
"Schanuel, Nolan",L,CH,716806,1,3
"Schanuel, Nolan",L,FF,716806,1,4
"Ohtani, Shohei",L,FF,716806,2,1
"Ohtani, Shohei",L,CH,716806,2,2
"Ohtani, Shohei",L,SL,716806,2,3
"Drury, Brandon",R,SL,716806,3,1
"Drury, Brandon",R,FF,716806,3,2
"Drury, Brandon",R,SL,716806,3,3
"Moustakas, Mike",L,FF,716806,4,1
"Moustakas, Mike",L,FF,716806,4,2
"Moustakas, Mike",L,FF,716806,4,3
"Moustakas, Mike",L,CH,716806,4,4
"Rengifo, Luis",L,CH,716806,8,1
"O'Hoppe, Logan",R,FF,716806,9,1
"O'Hoppe, Logan",R,FF,716806,9,2
"O'Hoppe, Logan",R,SL,716806,9,3
"O'Hoppe, Logan",R,CH,716806,9,4
"O'Hoppe, Logan",R,FF,716806,9,5
"O'Hoppe, Logan",R,FF,716806,9,6
"O'Hoppe, Logan",R,SL,716806,9,7
"O'Hoppe, Logan",R,SL,716806,9,8
"O'Hoppe, Logan",R,FF,716806,9,9
"O'Hoppe, Logan",R,FF,716806,9,10
"O'Hoppe, Logan",R,SL,716806,9,11
"Moniak, Mickey",L,FF,716806,10,1
"Moniak, Mickey",L,FF,716806,10,2
"Moniak, Mickey",L,FF,716806,10,3
"Moniak, Mickey",L,CH,716806,10,4
"Renfroe, Hunter",R,SI,716806,11,1
"Grichuk, Randal",R,SI,716806,16,1
"Schanuel, Nolan",L,SL,716806,17,1
"Schanuel, Nolan",L,SL,716806,17,2
"Ohtani, Shohei",L,CH,716806,18,1
"Ohtani, Shohei",L,CH,716806,18,2
"Drury, Brandon",R,FF,716806,19,1
"Drury, Brandon",R,FF,716806,19,2
"Drury, Brandon",R,SL,716806,19,3
"Drury, Brandon",R,CH,716806,19,4
"Moustakas, Mike",L,CH,716806,20,1
"Moustakas, Mike",L,CH,716806,20,2
"Moustakas, Mike",L,CH,716806,20,3
"Moustakas, Mike",L,CH,716806,20,4
"Rengifo, Luis",L,FF,716806,25,1
"Rengifo, Luis",L,SL,716806,25,2
"O'Hoppe, Logan",R,FF,716806,26,1
"O'Hoppe, Logan",R,CH,716806,26,2
"O'Hoppe, Logan",R,CH,716806,26,3
"Moniak, Mickey",L,SL,716806,27,1
"Renfroe, Hunter",R,SI,716806,28,1
"Renfroe, Hunter",R,SL,716806,28,2
"Renfroe, Hunter",R,CH,716806,28,3
"Renfroe, Hunter",R,CH,716806,28,4
"Renfroe, Hunter",R,FF,716806,28,5
"Renfroe, Hunter",R,FF,716806,28,6
"Renfroe, Hunter",R,SI,716806,28,7
"Grichuk, Randal",R,SL,716806,34,1
"Schanuel, Nolan",L,FF,716806,35,1
"Schanuel, Nolan",L,CH,716806,35,2
"Schanuel, Nolan",L,FF,716806,35,3
"Schanuel, Nolan",L,CH,716806,35,4
"Ohtani, Shohei",L,CH,716806,36,1
"Ohtani, Shohei",L,CH,716806,36,2
"Drury, Brandon",R,SI,716806,37,1
"Drury, Brandon",R,FF,716806,37,2
"Drury, Brandon",R,CH,716806,37,3
"Drury, Brandon",R,SL,716806,37,4
"Drury, Brandon",R,SL,716806,37,5
"Moustakas, Mike",L,FF,716806,38,1
"Moustakas, Mike",L,FF,716806,38,2
"Moustakas, Mike",L,CH,716806,38,3
"Moustakas, Mike",L,FF,716806,38,4
"Moustakas, Mike",L,FF,716806,38,5
"Rengifo, Luis",L,FF,716806,39,1
"Rengifo, Luis",L,FF,716806,39,2
"Rengifo, Luis",L,FF,716806,44,1
"Rengifo, Luis",L,CH,716806,44,2
"Rengifo, Luis",L,FF,716806,44,3
"O'Hoppe, Logan",R,SL,716806,45,1
"O'Hoppe, Logan",R,FF,716806,45,2
"O'Hoppe, Logan",R,FF,716806,45,3
"O'Hoppe, Logan",R,CH,716806,45,4
"O'Hoppe, Logan",R,SL,716806,45,5
"O'Hoppe, Logan",R,SI,716806,45,6
"Moniak, Mickey",L,FF,716806,46,1
"Renfroe, Hunter",R,FF,716806,47,1
"Renfroe, Hunter",R,SI,716806,47,2
"Wade Jr., LaMonte",L,FF,716879,1,1
"Wade Jr., LaMonte",L,FF,716879,1,2
"Wade Jr., LaMonte",L,SL,716879,1,3
"Wade Jr., LaMonte",L,FF,716879,1,4
"Wade Jr., LaMonte",L,CH,716879,1,5
"Wade Jr., LaMonte",L,SL,716879,1,6
"Wade Jr., LaMonte",L,FF,716879,1,7
"Wade Jr., LaMonte",L,FF,716879,1,8
"Wade Jr., LaMonte",L,CH,716879,1,9
"Estrada, Thairo",R,SI,716879,2,1
"Estrada, Thairo",R,SI,716879,2,2
"Estrada, Thairo",R,FF,716879,2,3
"Flores, Wilmer",R,FF,716879,3,1
"Flores, Wilmer",R,SI,716879,3,2
"Pederson, Joc",L,FF,716879,4,1
"Pederson, Joc",L,FF,716879,4,2
"Pederson, Joc",L,CH,716879,4,3
"Pederson, Joc",L,SL,716879,4,4
"Pederson, Joc",L,FF,716879,4,5
"Conforto, Michael",L,FF,716879,8,1
"Conforto, Michael",L,CH,716879,8,2
"Conforto, Michael",L,FF,716879,8,3
"Conforto, Michael",L,FF,716879,8,4
"Conforto, Michael",L,FF,716879,8,5
"Davis, J.D.",R,SL,716879,9,1
"Bailey, Patrick",L,FF,716879,10,1
"Bailey, Patrick",L,SL,716879,10,2
"Bailey, Patrick",L,FF,716879,10,3
"Bailey, Patrick",L,FF,716879,10,4
"Bailey, Patrick",L,FF,716879,10,5
"Bailey, Patrick",L,FF,716879,10,6
"Bailey, Patrick",L,CH,716879,10,7
"Meckler, Wade",L,FF,716879,14,1
"Meckler, Wade",L,FF,716879,14,2
"DeJong, Paul",R,FF,716879,15,1
"DeJong, Paul",R,FF,716879,15,2
"DeJong, Paul",R,SL,716879,15,3
"DeJong, Paul",R,FF,716879,15,4
"Wade Jr., LaMonte",L,FF,716879,16,1
"Wade Jr., LaMonte",L,CH,716879,16,2
"Wade Jr., LaMonte",L,FF,716879,16,3
"Wade Jr., LaMonte",L,CH,716879,16,4
"Estrada, Thairo",R,SL,716879,17,1
"Estrada, Thairo",R,FF,716879,17,2
"Flores, Wilmer",R,SI,716879,18,1
"Flores, Wilmer",R,SL,716879,18,2
"Flores, Wilmer",R,SL,716879,18,3
"Flores, Wilmer",R,SI,716879,18,4
"Pederson, Joc",L,CH,716879,19,1
"Pederson, Joc",L,FF,716879,19,2
"Pederson, Joc",L,CH,716879,19,3
"Pederson, Joc",L,FF,716879,19,4
"Conforto, Michael",L,CH,716879,20,1
"Conforto, Michael",L,CH,716879,20,2
"Davis, J.D.",R,FF,716879,24,1
"Davis, J.D.",R,FF,716879,24,2
"Davis, J.D.",R,SI,716879,24,3
"Davis, J.D.",R,FF,716879,24,4
"Bailey, Patrick",L,SL,716879,25,1
"Meckler, Wade",L,SL,716879,26,1
"Meckler, Wade",L,CH,716879,26,2
"Meckler, Wade",L,FF,716879,26,3
"Meckler, Wade",L,SL,716879,26,4
"Meckler, Wade",L,FF,716879,26,5
"DeJong, Paul",R,SL,716879,27,1
"DeJong, Paul",R,FF,716879,27,2
"Wade Jr., LaMonte",L,SL,716879,28,1
"Wade Jr., LaMonte",L,FF,716879,28,2
"Estrada, Thairo",R,SI,716879,33,1
"Flores, Wilmer",R,FF,716879,34,1
"Flores, Wilmer",R,SL,716879,34,2
"Flores, Wilmer",R,CH,716879,34,3
"Flores, Wilmer",R,SL,716879,34,4
"Flores, Wilmer",R,SL,716879,34,5
"Pederson, Joc",L,SL,716879,35,1
"Pederson, Joc",L,CH,716879,35,2
"Pederson, Joc",L,FF,716879,35,3
"Pederson, Joc",L,CH,716879,35,4
"Conforto, Michael",L,FF,716879,36,1
"Conforto, Michael",L,SL,716879,36,2
"Davis, J.D.",R,SI,716879,37,1
"Bailey, Patrick",L,FF,716879,43,1
"Bailey, Patrick",L,CH,716879,43,2
"Bailey, Patrick",L,CH,716879,43,3
"Bailey, Patrick",L,FF,716879,43,4
"Meckler, Wade",L,FF,716879,44,1
"Meckler, Wade",L,CH,716879,44,2
"Meckler, Wade",L,SL,716879,44,3
"Meckler, Wade",L,FF,716879,44,4
"DeJong, Paul",R,SL,716879,45,1
"DeJong, Paul",R,SL,716879,45,2
"DeJong, Paul",R,SL,716879,45,3
"DeJong, Paul",R,FF,716879,45,4
"Abrams, CJ",L,FF,716960,4,1
"Thomas, Lane",R,FF,716960,5,1
"Thomas, Lane",R,SI,716960,5,2
"Thomas, Lane",R,SI,716960,5,3
"Meneses, Joey",R,SL,716960,6,1
"Meneses, Joey",R,FF,716960,6,2
"Meneses, Joey",R,SI,716960,6,3
"Meneses, Joey",R,FF,716960,6,4
"Ruiz, Keibert",L,SL,716960,7,1
"Ruiz, Keibert",L,CH,716960,7,2
"Ruiz, Keibert",L,FF,716960,7,3
"Ruiz, Keibert",L,CH,716960,7,4
"Ruiz, Keibert",L,FF,716960,7,5
"Smith, Dominic",L,SL,716960,11,1
"Smith, Dominic",L,CH,716960,11,2
"Garrett, Stone",R,SL,716960,12,1
"Garrett, Stone",R,SL,716960,12,2
"Garrett, Stone",R,FF,716960,12,3
"Garrett, Stone",R,SL,716960,12,4
"Garrett, Stone",R,SL,716960,12,5
"Alu, Jake",L,CH,716960,13,1
"Alu, Jake",L,FF,716960,13,2
"Alu, Jake",L,SL,716960,13,3
"Vargas, Ildemaro",L,FF,716960,14,1
"Vargas, Ildemaro",L,CH,716960,14,2
"Rutherford, Blake",L,FF,716960,15,1
"Rutherford, Blake",L,FF,716960,15,2
"Rutherford, Blake",L,CH,716960,15,3
"Rutherford, Blake",L,CH,716960,15,4
"Rutherford, Blake",L,CH,716960,15,5
"Abrams, CJ",L,CH,716960,21,1
"Abrams, CJ",L,CH,716960,21,2
"Abrams, CJ",L,CH,716960,21,3
"Abrams, CJ",L,FF,716960,21,4
"Abrams, CJ",L,FF,716960,21,5
"Abrams, CJ",L,CH,716960,21,6
"Abrams, CJ",L,CH,716960,21,7
"Abrams, CJ",L,FF,716960,21,8
"Thomas, Lane",R,SI,716960,22,1
"Thomas, Lane",R,SL,716960,22,2
"Thomas, Lane",R,SI,716960,22,3
"Meneses, Joey",R,SI,716960,23,1
"Meneses, Joey",R,SI,716960,23,2
"Ruiz, Keibert",L,FF,716960,33,1
"Ruiz, Keibert",L,CH,716960,33,2
"Ruiz, Keibert",L,CH,716960,33,3
"Ruiz, Keibert",L,FF,716960,33,4
"Smith, Dominic",L,FF,716960,34,1
"Smith, Dominic",L,FF,716960,34,2
"Smith, Dominic",L,CH,716960,34,3
"Smith, Dominic",L,SL,716960,34,4
"Smith, Dominic",L,FF,716960,34,5
"Garrett, Stone",R,SI,716960,35,1
"Garrett, Stone",R,SL,716960,35,2
"Alu, Jake",L,FF,716960,36,1
"Alu, Jake",L,CH,716960,36,2
"Alu, Jake",L,CH,716960,36,3
"Alu, Jake",L,CH,716960,36,4
"Alu, Jake",L,FF,716960,36,5
"Alu, Jake",L,FF,716960,36,6
"Alu, Jake",L,CH,716960,36,7
"Vargas, Ildemaro",L,CH,716960,37,1
"Vargas, Ildemaro",L,CH,716960,37,2
"Vargas, Ildemaro",L,FF,716960,37,3
"Vargas, Ildemaro",L,FF,716960,37,4
"Vargas, Ildemaro",L,CH,716960,37,5
"Vargas, Ildemaro",L,SI,716960,37,6
"Vargas, Ildemaro",L,FF,716960,37,7
"Vargas, Ildemaro",L,FF,716960,37,8
"Vargas, Ildemaro",L,SL,716960,37,9
"Rutherford, Blake",L,CH,716960,38,1
"Rutherford, Blake",L,FF,716960,38,2
"Rutherford, Blake",L,FF,716960,38,3
"Abrams, CJ",L,CH,716960,39,1
"Abrams, CJ",L,FF,717066,1,1
"Abrams, CJ",L,FF,717066,1,2
"Thomas, Lane",R,FF,717066,2,1
"Thomas, Lane",R,SL,717066,2,2
"Thomas, Lane",R,SL,717066,2,3
"Thomas, Lane",R,SI,717066,2,4
"Thomas, Lane",R,SL,717066,2,5
"Thomas, Lane",R,FF,717066,2,6
"Thomas, Lane",R,SI,717066,2,7
"Thomas, Lane",R,SL,717066,2,8
"Meneses, Joey",R,SI,717066,3,1
"Meneses, Joey",R,SL,717066,3,2
"Meneses, Joey",R,SL,717066,3,3
"Meneses, Joey",R,FF,717066,3,4
"Meneses, Joey",R,SL,717066,3,5
"Meneses, Joey",R,FF,717066,3,6
"Meneses, Joey",R,FF,717066,3,7
"Meneses, Joey",R,SL,717066,3,8
"Smith, Dominic",L,SL,717066,4,1
"Smith, Dominic",L,FF,717066,4,2
"Smith, Dominic",L,FF,717066,4,3
"Smith, Dominic",L,CH,717066,4,4
"Smith, Dominic",L,FF,717066,4,5
"Smith, Dominic",L,FF,717066,4,6
"Ruiz, Keibert",L,FF,717066,11,1
"Ruiz, Keibert",L,CH,717066,11,2
"Ruiz, Keibert",L,FF,717066,11,3
"Ruiz, Keibert",L,FF,717066,11,4
"Ruiz, Keibert",L,FF,717066,11,5
"Alu, Jake",L,FF,717066,12,1
"Alu, Jake",L,CH,717066,12,2
"Alu, Jake",L,CH,717066,12,3
"Vargas, Ildemaro",L,FF,717066,13,1
"Vargas, Ildemaro",L,SL,717066,13,2
"Rutherford, Blake",L,CH,717066,14,1
"Rutherford, Blake",L,FF,717066,14,2
"Rutherford, Blake",L,CH,717066,14,3
"Rutherford, Blake",L,CH,717066,14,4
"Call, Alex",R,SL,717066,19,1
"Call, Alex",R,SL,717066,19,2
"Call, Alex",R,SL,717066,19,3
"Call, Alex",R,SI,717066,19,4
"Call, Alex",R,SI,717066,19,5
"Call, Alex",R,SL,717066,19,6
"Call, Alex",R,FF,717066,19,7
"Abrams, CJ",L,CH,717066,20,1
"Abrams, CJ",L,FF,717066,20,2
"Abrams, CJ",L,FF,717066,20,3
"Abrams, CJ",L,CH,717066,20,4
"Thomas, Lane",R,FF,717066,21,1
"Thomas, Lane",R,SI,717066,21,2
"Thomas, Lane",R,SL,717066,21,3
"Thomas, Lane",R,SI,717066,21,4
"Meneses, Joey",R,SL,717066,26,1
"Meneses, Joey",R,SI,717066,26,2
"Smith, Dominic",L,SL,717066,27,1
"Smith, Dominic",L,FF,717066,27,2
"Ruiz, Keibert",L,FF,717066,28,1
"Ruiz, Keibert",L,SL,717066,28,2
"Ruiz, Keibert",L,CH,717066,28,3
"Ruiz, Keibert",L,CH,717066,28,4
"Ruiz, Keibert",L,FF,717066,28,5
"Ruiz, Keibert",L,FF,717066,28,6
"Alu, Jake",L,CH,717066,29,1
"Alu, Jake",L,CH,717066,29,2
"Alu, Jake",L,CH,717066,29,3
"Alu, Jake",L,FF,717066,29,4
"Alu, Jake",L,SL,717066,29,5
"Vargas, Ildemaro",L,FF,717066,35,1
"Vargas, Ildemaro",L,CH,717066,35,2
"Rutherford, Blake",L,FF,717066,36,1
"Rutherford, Blake",L,CH,717066,36,2
"Rutherford, Blake",L,FF,717066,36,3
"Call, Alex",R,SI,717066,37,1
"Abrams, CJ",L,CH,717066,41,1
"Abrams, CJ",L,CH,717066,41,2
"Abrams, CJ",L,FF,717066,41,3
"Thomas, Lane",R,SL,717066,42,1
"Thomas, Lane",R,FF,717066,42,2
"Meneses, Joey",R,FF,717066,43,1
"Meneses, Joey",R,SL,717066,43,2
"Meneses, Joey",R,SL,717066,43,3
"Meneses, Joey",R,SL,717066,43,4
"Meneses, Joey",R,CH,717066,43,5
"Meneses, Joey",R,SI,717066,43,6
"Meneses, Joey",R,SL,717066,43,7
"Smith, Dominic",L,FF,717066,44,1
"Ruiz, Keibert",L,CH,717066,48,1
"Ruiz, Keibert",L,SL,717066,48,2
"Alu, Jake",L,FF,717066,49,1
"Alu, Jake",L,CH,717066,49,2
"Alu, Jake",L,CH,717066,49,3
"Alu, Jake",L,CH,717066,49,4
"Alu, Jake",L,CH,717066,49,5
"Vargas, Ildemaro",L,CH,717066,50,1
"Vargas, Ildemaro",L,FF,717066,50,2
"Vargas, Ildemaro",L,CH,717066,50,3
"Vargas, Ildemaro",L,FF,717066,50,4
"Vargas, Ildemaro",L,CH,717066,50,5
"Vargas, Ildemaro",L,CH,717066,50,6
"Rutherford, Blake",L,CH,717066,57,1
"Rutherford, Blake",L,FF,717066,57,2
"Rutherford, Blake",L,CH,717066,57,3
"Call, Alex",R,SL,717066,58,1
"Call, Alex",R,SL,717066,58,2
"Call, Alex",R,FF,717066,58,3
"Abrams, CJ",L,CH,717066,59,1
"Abrams, CJ",L,CH,717066,59,2
"Abrams, CJ",L,SL,717066,59,3
"Abrams, CJ",L,FF,717066,59,4
"Abrams, CJ",L,CH,717066,59,5
"Thomas, Lane",R,FF,717066,63,1
"Thomas, Lane",R,SL,717066,63,2
"Thomas, Lane",R,SL,717066,63,3
"Meneses, Joey",R,SL,717066,64,1
"Meneses, Joey",R,SL,717066,64,2
"Meneses, Joey",R,SI,717066,64,3
"Smith, Dominic",L,CH,717066,65,1
"Smith, Dominic",L,SL,717066,65,2
"Smith, Dominic",L,CH,717066,65,3
"Smith, Dominic",L,CH,717066,65,4
"Smith, Dominic",L,FF,717066,65,5
"Smith, Dominic",L,CH,717066,65,6
"Smith, Dominic",L,SL,717066,65,7
"Arraez, Luis",L,FF,717147,4,1
"Arraez, Luis",L,FF,717147,4,2
"Arraez, Luis",L,CH,717147,4,3
"Arraez, Luis",L,FF,717147,4,4
"Arraez, Luis",L,FF,717147,4,5
"Arraez, Luis",L,CH,717147,4,6
"Soler, Jorge",R,FF,717147,5,1
"Soler, Jorge",R,SI,717147,5,2
"Soler, Jorge",R,SL,717147,5,3
"Soler, Jorge",R,FF,717147,5,4
"Bell, Josh",L,FF,717147,6,1
"Bell, Josh",L,SL,717147,6,2
"Chisholm Jr., Jazz",L,FF,717147,12,1
"Burger, Jake",R,FF,717147,13,1
"Burger, Jake",R,SI,717147,13,2
"De La Cruz, Bryan",R,FF,717147,14,1
"De La Cruz, Bryan",R,SL,717147,14,2
"De La Cruz, Bryan",R,SL,717147,14,3
"De La Cruz, Bryan",R,FF,717147,14,4
"SÃ¡nchez, JesÃºs",L,CH,717147,15,1
"SÃ¡nchez, JesÃºs",L,CH,717147,15,2
"Wendle, Joey",L,FF,717147,19,1
"Stallings, Jacob",R,FF,717147,20,1
"Stallings, Jacob",R,SL,717147,20,2
"Stallings, Jacob",R,FF,717147,20,3
"Stallings, Jacob",R,FF,717147,20,4
"Stallings, Jacob",R,SL,717147,20,5
"Stallings, Jacob",R,SL,717147,20,6
"Arraez, Luis",L,FF,717147,21,1
"Arraez, Luis",L,FF,717147,21,2
"Arraez, Luis",L,FF,717147,21,3
"Arraez, Luis",L,FF,717147,21,4
"Soler, Jorge",R,SI,717147,25,1
"Soler, Jorge",R,SL,717147,25,2
"Soler, Jorge",R,SL,717147,25,3
"Soler, Jorge",R,SL,717147,25,4
"Bell, Josh",L,FF,717147,26,1
"Bell, Josh",L,CH,717147,26,2
"Bell, Josh",L,FF,717147,26,3
"Bell, Josh",L,FF,717147,26,4
"Bell, Josh",L,CH,717147,26,5
"Bell, Josh",L,SL,717147,26,6
"Bell, Josh",L,FF,717147,26,7
"Bell, Josh",L,FF,717147,26,8
"Chisholm Jr., Jazz",L,FF,717147,27,1
"Chisholm Jr., Jazz",L,FF,717147,27,2
"Burger, Jake",R,SL,717147,28,1
"Burger, Jake",R,SL,717147,28,2
"Burger, Jake",R,SL,717147,28,3
"Burger, Jake",R,FF,717147,28,4
"De La Cruz, Bryan",R,FF,717147,29,1
"De La Cruz, Bryan",R,SI,717147,29,2
"SÃ¡nchez, JesÃºs",L,FF,717147,33,1
"SÃ¡nchez, JesÃºs",L,SL,717147,33,2
"SÃ¡nchez, JesÃºs",L,CH,717147,33,3
"SÃ¡nchez, JesÃºs",L,SL,717147,33,4
"SÃ¡nchez, JesÃºs",L,SL,717147,33,5
"SÃ¡nchez, JesÃºs",L,CH,717147,33,6
"Wendle, Joey",L,CH,717147,34,1
"Wendle, Joey",L,CH,717147,34,2
"Wendle, Joey",L,SI,717147,34,3
"Stallings, Jacob",R,SL,717147,35,1
"Arraez, Luis",L,FF,717147,39,1
"Arraez, Luis",L,SI,717147,39,2
"Arraez, Luis",L,FF,717147,39,3
"Arraez, Luis",L,FF,717147,39,4
"Soler, Jorge",R,SL,717147,40,1
"Soler, Jorge",R,SI,717147,40,2
"Soler, Jorge",R,SI,717147,40,3
"Soler, Jorge",R,SL,717147,40,4
"Soler, Jorge",R,SL,717147,40,5
"Bell, Josh",L,CH,717147,41,1
"Bell, Josh",L,SL,717147,41,2
"Bell, Josh",L,CH,717147,41,3
"Bell, Josh",L,CH,717147,41,4
"Bell, Josh",L,SL,717147,41,5
"Bell, Josh",L,FF,717147,41,6
"Chisholm Jr., Jazz",L,CH,717147,49,1
"Chisholm Jr., Jazz",L,FF,717147,49,2
"Chisholm Jr., Jazz",L,FF,717147,49,3
"Burger, Jake",R,SI,717147,50,1
"Burger, Jake",R,SL,717147,50,2
"Burger, Jake",R,SI,717147,50,3
"Burger, Jake",R,CH,717147,50,4
"Burger, Jake",R,SL,717147,50,5
"Burger, Jake",R,SI,717147,50,6
"Burger, Jake",R,SI,717147,50,7
"De La Cruz, Bryan",R,FF,717147,51,1
"SÃ¡nchez, JesÃºs",L,CH,717147,52,1
"SÃ¡nchez, JesÃºs",L,FF,717147,52,2
"SÃ¡nchez, JesÃºs",L,SL,717147,52,3
"Wendle, Joey",L,CH,717147,53,1
"Wendle, Joey",L,CH,717147,53,2
"Berti, Jon",R,SL,717147,57,1
"Berti, Jon",R,SL,717147,57,2
"Berti, Jon",R,SL,717147,57,3
"Arraez, Luis",L,FF,717147,58,1
"Arraez, Luis",L,FF,717147,58,2
"Arraez, Luis",L,FF,717147,58,3
"Soler, Jorge",R,SL,717147,59,1
"Bell, Josh",L,CH,717147,60,1
"Rengifo, Luis",L,FF,717243,1,1
"Ohtani, Shohei",L,SL,717243,2,1
"Ohtani, Shohei",L,CH,717243,2,2
"Ohtani, Shohei",L,SL,717243,2,3
"Ohtani, Shohei",L,FF,717243,2,4
"Ohtani, Shohei",L,CH,717243,2,5
"Ohtani, Shohei",L,CH,717243,2,6
"Ohtani, Shohei",L,FF,717243,2,7
"Moniak, Mickey",L,SL,717243,3,1
"Moniak, Mickey",L,CH,717243,3,2
"Moniak, Mickey",L,FF,717243,3,3
"Moniak, Mickey",L,CH,717243,3,4
"Moniak, Mickey",L,SL,717243,3,5
"Moniak, Mickey",L,SL,717243,3,6
"Moniak, Mickey",L,CH,717243,3,7
"Moniak, Mickey",L,FF,717243,3,8
"Ward, Taylor",R,FF,717243,4,1
"Ward, Taylor",R,SI,717243,4,2
"Ward, Taylor",R,SL,717243,4,3
"Ward, Taylor",R,SL,717243,4,4
"Ward, Taylor",R,SL,717243,4,5
"Moustakas, Mike",L,FF,717243,8,1
"Moustakas, Mike",L,FF,717243,8,2
"Moustakas, Mike",L,CH,717243,8,3
"Moustakas, Mike",L,SL,717243,8,4
"Moustakas, Mike",L,FF,717243,8,5
"Moustakas, Mike",L,CH,717243,8,6
"Moustakas, Mike",L,CH,717243,8,7
"Moustakas, Mike",L,FF,717243,8,8
"Renfroe, Hunter",R,SI,717243,9,1
"Renfroe, Hunter",R,SL,717243,9,2
"Cabbage, Trey",L,SL,717243,10,1
"Cabbage, Trey",L,FF,717243,10,2
"Cabbage, Trey",L,FF,717243,10,3
"Wallach, Chad",R,SI,717243,11,1
"Velazquez, Andrew",L,FF,717243,12,1
"Velazquez, Andrew",L,FF,717243,12,2
"Velazquez, Andrew",L,CH,717243,12,3
"Velazquez, Andrew",L,CH,717243,12,4
"Rengifo, Luis",L,SL,717243,16,1
"Rengifo, Luis",L,CH,717243,16,2
"Rengifo, Luis",L,SL,717243,16,3
"Rengifo, Luis",L,FF,717243,16,4
"Rengifo, Luis",L,FF,717243,16,5
"Ohtani, Shohei",L,FF,717243,17,1
"Moniak, Mickey",L,FF,717243,18,1
"Moniak, Mickey",L,SL,717243,18,2
"Moniak, Mickey",L,SL,717243,18,3
"Moniak, Mickey",L,FF,717243,18,4
"Moniak, Mickey",L,FF,717243,18,5
"Ward, Taylor",R,FF,717243,22,1
"Moustakas, Mike",L,CH,717243,23,1
"Moustakas, Mike",L,SL,717243,23,2
"Moustakas, Mike",L,SL,717243,23,3
"Moustakas, Mike",L,CH,717243,23,4
"Moustakas, Mike",L,FF,717243,23,5
"Moustakas, Mike",L,SL,717243,23,6
"Renfroe, Hunter",R,SL,717243,24,1
"Renfroe, Hunter",R,SL,717243,24,2
"Renfroe, Hunter",R,SI,717243,24,3
"Renfroe, Hunter",R,SI,717243,24,4
"Renfroe, Hunter",R,SL,717243,24,5
"Renfroe, Hunter",R,FF,717243,24,6
"Renfroe, Hunter",R,FF,717243,24,7
"Cabbage, Trey",L,CH,717243,25,1
"Cabbage, Trey",L,SL,717243,25,2
"Cabbage, Trey",L,SL,717243,25,3
"Wallach, Chad",R,SI,717243,26,1
"Wallach, Chad",R,SL,717243,26,2
"Wallach, Chad",R,SL,717243,26,3
"Wallach, Chad",R,FF,717243,26,4
"Wallach, Chad",R,FF,717243,26,5
"Wallach, Chad",R,SL,717243,26,6
"Wallach, Chad",R,SL,717243,26,7
"Velazquez, Andrew",L,SL,717243,30,1
"Velazquez, Andrew",L,FF,717243,30,2
"Velazquez, Andrew",L,FF,717243,30,3
"Velazquez, Andrew",L,CH,717243,30,4
"Velazquez, Andrew",L,FF,717243,30,5
"Velazquez, Andrew",L,FF,717243,30,6
"Velazquez, Andrew",L,SL,717243,30,7
"Rengifo, Luis",L,SL,717243,31,1
"Rengifo, Luis",L,FF,717243,31,2
"Rengifo, Luis",L,FF,717243,31,3
"Rengifo, Luis",L,CH,717243,31,4
"Rengifo, Luis",L,SL,717243,31,5
"Ohtani, Shohei",L,CH,717243,32,1
"Ohtani, Shohei",L,FF,717243,32,2
"Garcia, Maikel",R,SI,717332,4,1
"Garcia, Maikel",R,SL,717332,4,2
"Garcia, Maikel",R,SL,717332,4,3
"Garcia, Maikel",R,SL,717332,4,4
"Isbel, Kyle",L,FF,717332,5,1
"Perez, Salvador",R,SL,717332,6,1
"Perez, Salvador",R,FF,717332,6,2
"Perez, Salvador",R,FF,717332,6,3
"Perez, Salvador",R,SL,717332,6,4
"Perez, Salvador",R,SL,717332,6,5
"Melendez, MJ",L,FF,717332,14,1
"Melendez, MJ",L,FF,717332,14,2
"Melendez, MJ",L,CH,717332,14,3
"Olivares, Edward",R,SL,717332,15,1
"Olivares, Edward",R,SI,717332,15,2
"Olivares, Edward",R,FF,717332,15,3
"Pratto, Nick",L,FF,717332,16,1
"Pratto, Nick",L,CH,717332,16,2
"Pratto, Nick",L,CH,717332,16,3
"Pratto, Nick",L,SL,717332,16,4
"Pratto, Nick",L,CH,717332,16,5
"Pratto, Nick",L,FF,717332,16,6
"Pratto, Nick",L,CH,717332,16,7
"Massey, Michael",L,SL,717332,17,1
"Massey, Michael",L,FF,717332,17,2
"Massey, Michael",L,CH,717332,17,3
"Massey, Michael",L,CH,717332,17,4
"Massey, Michael",L,FF,717332,17,5
"Massey, Michael",L,CH,717332,17,6
"Waters, Drew",L,FF,717332,18,1
"Waters, Drew",L,SL,717332,18,2
"Waters, Drew",L,CH,717332,18,3
"Waters, Drew",L,CH,717332,18,4
"Waters, Drew",L,SL,717332,18,5
"Waters, Drew",L,FF,717332,18,6
"Waters, Drew",L,CH,717332,18,7
"Lopez, Nicky",L,FF,717332,22,1
"Lopez, Nicky",L,FF,717332,22,2
"Lopez, Nicky",L,FF,717332,22,3
"Lopez, Nicky",L,FF,717332,22,4
"Garcia, Maikel",R,SL,717332,23,1
"Garcia, Maikel",R,FF,717332,23,2
"Isbel, Kyle",L,SL,717332,24,1
"Isbel, Kyle",L,SL,717332,24,2
"Isbel, Kyle",L,CH,717332,24,3
"Perez, Salvador",R,SI,717332,29,1
"Perez, Salvador",R,SI,717332,29,2
"Melendez, MJ",L,SL,717332,30,1
"Melendez, MJ",L,SL,717332,30,2
"Melendez, MJ",L,SL,717332,30,3
"Olivares, Edward",R,SI,717332,31,1
"Olivares, Edward",R,SL,717332,31,2
"Olivares, Edward",R,SL,717332,31,3
"Olivares, Edward",R,SL,717332,31,4
"Pratto, Nick",L,CH,717332,32,1
"Pratto, Nick",L,FF,717332,32,2
"Pratto, Nick",L,CH,717332,32,3
"Pratto, Nick",L,FF,717332,32,4
"Pratto, Nick",L,FF,717332,32,5
"Pratto, Nick",L,SL,717332,32,6
"Massey, Michael",L,SL,717332,38,1
"Massey, Michael",L,FF,717332,38,2
"Massey, Michael",L,CH,717332,38,3
"Massey, Michael",L,CH,717332,38,4
"Massey, Michael",L,SL,717332,38,5
"Waters, Drew",L,SL,717332,39,1
"Waters, Drew",L,CH,717332,39,2
"Waters, Drew",L,FF,717332,39,3
"Waters, Drew",L,SL,717332,39,4
"Lopez, Nicky",L,CH,717332,40,1
"Lopez, Nicky",L,FF,717332,40,2
"Lopez, Nicky",L,FF,717332,40,3
"Garcia, Maikel",R,SI,717332,44,1
"Isbel, Kyle",L,FF,717332,45,1
"Isbel, Kyle",L,SL,717332,45,2
"Isbel, Kyle",L,SL,717332,45,3
"Isbel, Kyle",L,FF,717332,45,4
"Isbel, Kyle",L,SL,717332,45,5
"Perez, Salvador",R,SL,717332,46,1
"Melendez, MJ",L,CH,717332,52,1
"Melendez, MJ",L,CH,717332,52,2
"Melendez, MJ",L,SL,717332,52,3
"Olivares, Edward",R,SL,717332,53,1
"Olivares, Edward",R,SL,717332,53,2
"Olivares, Edward",R,SL,717332,53,3
"Olivares, Edward",R,FF,717332,53,4
"Olivares, Edward",R,FF,717332,53,5
"Pratto, Nick",L,SL,717332,54,1
"Pratto, Nick",L,CH,717332,54,2
"Crawford, J.P.",L,FF,717390,4,1
"Crawford, J.P.",L,SI,717390,4,2
"Crawford, J.P.",L,SL,717390,4,3
"Crawford, J.P.",L,CH,717390,4,4
"Crawford, J.P.",L,CH,717390,4,5
"Crawford, J.P.",L,FF,717390,4,6
"Crawford, J.P.",L,FF,717390,4,7
"RodrÃ­guez, Julio",R,SL,717390,5,1
"RodrÃ­guez, Julio",R,SI,717390,5,2
"RodrÃ­guez, Julio",R,SL,717390,5,3
"RodrÃ­guez, Julio",R,FF,717390,5,4
"RodrÃ­guez, Julio",R,SL,717390,5,5
"France, Ty",R,SI,717390,6,1
"France, Ty",R,SI,717390,6,2
"HernÃ¡ndez, Teoscar",R,SI,717390,11,1
"HernÃ¡ndez, Teoscar",R,FF,717390,11,2
"HernÃ¡ndez, Teoscar",R,SL,717390,11,3
"Kelenic, Jarred",L,SL,717390,12,1
"Kelenic, Jarred",L,FF,717390,12,2
"Kelenic, Jarred",L,SL,717390,12,3
"Kelenic, Jarred",L,CH,717390,12,4
"SuÃ¡rez, Eugenio",R,SL,717390,13,1
"SuÃ¡rez, Eugenio",R,FF,717390,13,2
"SuÃ¡rez, Eugenio",R,SL,717390,13,3
"Raleigh, Cal",L,FF,717390,19,1
"Raleigh, Cal",L,CH,717390,19,2
"Raleigh, Cal",L,CH,717390,19,3
"Ford, Mike",L,FF,717390,20,1
"Ford, Mike",L,SL,717390,20,2
"Ford, Mike",L,FF,717390,20,3
"Ford, Mike",L,FF,717390,20,4
"Wong, Kolten",L,FF,717390,21,1
"Wong, Kolten",L,CH,717390,21,2
"Wong, Kolten",L,CH,717390,21,3
"Wong, Kolten",L,SL,717390,21,4
"Wong, Kolten",L,CH,717390,21,5
"Crawford, J.P.",L,SL,717390,26,1
"Crawford, J.P.",L,FF,717390,26,2
"Crawford, J.P.",L,CH,717390,26,3
"RodrÃ­guez, Julio",R,SL,717390,27,1
"RodrÃ­guez, Julio",R,SL,717390,27,2
"RodrÃ­guez, Julio",R,CH,717390,27,3
"RodrÃ­guez, Julio",R,FF,717390,27,4
"France, Ty",R,SL,717390,28,1
"France, Ty",R,SI,717390,28,2
"HernÃ¡ndez, Teoscar",R,SL,717390,36,1
"HernÃ¡ndez, Teoscar",R,FF,717390,36,2
"HernÃ¡ndez, Teoscar",R,SI,717390,36,3
"HernÃ¡ndez, Teoscar",R,SL,717390,36,4
"Kelenic, Jarred",L,FF,717390,37,1
"Kelenic, Jarred",L,CH,717390,37,2
"SuÃ¡rez, Eugenio",R,SI,717390,38,1
"SuÃ¡rez, Eugenio",R,SL,717390,38,2
"SuÃ¡rez, Eugenio",R,SL,717390,38,3
"SuÃ¡rez, Eugenio",R,SL,717390,38,4
"Raleigh, Cal",L,CH,717390,39,1
"Raleigh, Cal",L,FF,717390,39,2
"Raleigh, Cal",L,FF,717390,39,3
"Raleigh, Cal",L,SL,717390,39,4
"Raleigh, Cal",L,CH,717390,39,5
"Ford, Mike",L,SL,717390,40,1
"Wong, Kolten",L,SL,717390,44,1
"Wong, Kolten",L,FF,717390,44,2
"Wong, Kolten",L,CH,717390,44,3
"Crawford, J.P.",L,FF,717390,45,1
"Crawford, J.P.",L,FF,717390,45,2
"Crawford, J.P.",L,FF,717390,45,3
"RodrÃ­guez, Julio",R,SI,717390,46,1
"RodrÃ­guez, Julio",R,FF,717390,46,2
"RodrÃ­guez, Julio",R,SL,717390,46,3
"France, Ty",R,SL,717390,47,1
"France, Ty",R,FF,717390,47,2
"France, Ty",R,SL,717390,47,3
"France, Ty",R,SL,717390,47,4
"HernÃ¡ndez, Teoscar",R,SI,717390,51,1
"HernÃ¡ndez, Teoscar",R,FF,717390,51,2
"HernÃ¡ndez, Teoscar",R,SL,717390,51,3
"Kelenic, Jarred",L,SL,717390,52,1
"Kelenic, Jarred",L,SL,717390,52,2
"Kelenic, Jarred",L,CH,717390,52,3
"Kelenic, Jarred",L,CH,717390,52,4
"SuÃ¡rez, Eugenio",R,SL,717390,53,1
"SuÃ¡rez, Eugenio",R,SL,717390,53,2
"SuÃ¡rez, Eugenio",R,CH,717390,53,3
"SuÃ¡rez, Eugenio",R,SL,717390,53,4
"SuÃ¡rez, Eugenio",R,SL,717390,53,5
"SuÃ¡rez, Eugenio",R,SL,717390,53,6
"SuÃ¡rez, Eugenio",R,FF,717390,53,7
"SuÃ¡rez, Eugenio",R,FF,717390,53,8
"SuÃ¡rez, Eugenio",R,SL,717390,53,9
"Raleigh, Cal",L,FF,717390,54,1
"Raleigh, Cal",L,SL,717390,54,2
"Raleigh, Cal",L,FF,717390,54,3
"Raleigh, Cal",L,CH,717390,54,4
"Raleigh, Cal",L,FF,717390,54,5
"Raleigh, Cal",L,FF,717390,54,6
"Raleigh, Cal",L,SL,717390,54,7
"Kemp, Tony",L,FF,717476,1,1
"Kemp, Tony",L,SI,717476,1,2
"Bleday, JJ",L,FF,717476,2,1
"Bleday, JJ",L,CH,717476,2,2
"Bleday, JJ",L,FF,717476,2,3
"Bleday, JJ",L,CH,717476,2,4
"Rooker, Brent",R,SL,717476,3,1
"Rooker, Brent",R,SL,717476,3,2
"Rooker, Brent",R,SI,717476,3,3
"Brown, Seth",L,FF,717476,10,1
"Brown, Seth",L,CH,717476,10,2
"Brown, Seth",L,CH,717476,10,3
"Brown, Seth",L,SL,717476,10,4
"Diaz, Jordan",R,SL,717476,11,1
"Diaz, Jordan",R,SL,717476,11,2
"Diaz, Jordan",R,FF,717476,11,3
"Diaz, Jordan",R,SL,717476,11,4
"Diaz, Jordan",R,CH,717476,11,5
"Diaz, Jordan",R,SL,717476,11,6
"Peterson, Jace",L,FF,717476,12,1
"DÃ­az, Aledmys",R,SI,717476,16,1
"Wade, Tyler",L,FF,717476,17,1
"PiÃ±a, Manny",R,FF,717476,18,1
"PiÃ±a, Manny",R,SL,717476,18,2
"PiÃ±a, Manny",R,SL,717476,18,3
"PiÃ±a, Manny",R,SL,717476,18,4
"Kemp, Tony",L,SL,717476,26,1
"Kemp, Tony",L,CH,717476,26,2
"Kemp, Tony",L,CH,717476,26,3
"Kemp, Tony",L,FF,717476,26,4
"Bleday, JJ",L,FF,717476,27,1
"Bleday, JJ",L,FF,717476,27,2
"Bleday, JJ",L,CH,717476,27,3
"Bleday, JJ",L,SL,717476,27,4
"Bleday, JJ",L,CH,717476,27,5
"Bleday, JJ",L,CH,717476,27,6
"Bleday, JJ",L,FF,717476,27,7
"Bleday, JJ",L,FF,717476,27,8
"Bleday, JJ",L,FF,717476,27,9
"Rooker, Brent",R,FF,717476,28,1
"Rooker, Brent",R,SL,717476,28,2
"Rooker, Brent",R,CH,717476,28,3
"Rooker, Brent",R,SL,717476,28,4
"Brown, Seth",L,CH,717476,29,1
"Brown, Seth",L,CH,717476,29,2
"Brown, Seth",L,SI,717476,29,3
"Brown, Seth",L,SI,717476,29,4
"Diaz, Jordan",R,FF,717476,36,1
"Diaz, Jordan",R,SL,717476,36,2
"Diaz, Jordan",R,FF,717476,36,3
"Diaz, Jordan",R,SL,717476,36,4
"Peterson, Jace",L,SL,717476,37,1
"Peterson, Jace",L,FF,717476,37,2
"Peterson, Jace",L,FF,717476,37,3
"Peterson, Jace",L,CH,717476,37,4
"DÃ­az, Aledmys",R,SL,717476,38,1
"DÃ­az, Aledmys",R,SL,717476,38,2
"DÃ­az, Aledmys",R,FF,717476,38,3
"DÃ­az, Aledmys",R,FF,717476,38,4
"DÃ­az, Aledmys",R,FF,717476,38,5
"Profar, Jurickson",L,FF,717552,6,1
"Profar, Jurickson",L,CH,717552,6,2
"Profar, Jurickson",L,CH,717552,6,3
"Bryant, Kris",R,FF,717552,7,1
"Bryant, Kris",R,SI,717552,7,2
"Bryant, Kris",R,CH,717552,7,3
"Bryant, Kris",R,SL,717552,7,4
"McMahon, Ryan",L,SL,717552,8,1
"McMahon, Ryan",L,SI,717552,8,2
"McMahon, Ryan",L,CH,717552,8,3
"McMahon, Ryan",L,SI,717552,8,4
"McMahon, Ryan",L,SI,717552,8,5
"McMahon, Ryan",L,SL,717552,8,6
"McMahon, Ryan",L,FF,717552,8,7
"DÃ­az, Elias",R,SL,717552,9,1
"DÃ­az, Elias",R,SL,717552,9,2
"DÃ­az, Elias",R,SI,717552,9,3
"DÃ­az, Elias",R,SL,717552,9,4
"DÃ­az, Elias",R,FF,717552,9,5
"DÃ­az, Elias",R,SL,717552,9,6
"Cron, C.J.",R,SL,717552,13,1
"Cron, C.J.",R,SI,717552,13,2
"Cron, C.J.",R,SI,717552,13,3
"Cron, C.J.",R,SL,717552,13,4
"Jones, Nolan",L,SI,717552,14,1
"Jones, Nolan",L,CH,717552,14,2
"Jones, Nolan",L,SI,717552,14,3
"Tovar, Ezequiel",R,SI,717552,15,1
"Tovar, Ezequiel",R,SL,717552,15,2
"Tovar, Ezequiel",R,SL,717552,15,3
"Castro, Harold",L,SI,717552,16,1
"Doyle, Brenton",R,SI,717552,17,1
"Profar, Jurickson",L,SL,717552,18,1
"Profar, Jurickson",L,CH,717552,18,2
"Profar, Jurickson",L,CH,717552,18,3
"Profar, Jurickson",L,FF,717552,18,4
"Profar, Jurickson",L,SL,717552,18,5
"Profar, Jurickson",L,CH,717552,18,6
"Profar, Jurickson",L,CH,717552,18,7
"Bryant, Kris",R,SL,717552,19,1
"Bryant, Kris",R,SL,717552,19,2
"Bryant, Kris",R,CH,717552,19,3
"McMahon, Ryan",L,CH,717552,20,1
"McMahon, Ryan",L,FF,717552,20,2
"McMahon, Ryan",L,SI,717552,20,3
"McMahon, Ryan",L,SI,717552,20,4
"McMahon, Ryan",L,SL,717552,20,5
"McMahon, Ryan",L,SL,717552,20,6
"McMahon, Ryan",L,CH,717552,20,7
"McMahon, Ryan",L,CH,717552,20,8
"DÃ­az, Elias",R,SL,717552,25,1
"Cron, C.J.",R,SI,717552,26,1
"Cron, C.J.",R,SL,717552,26,2
"Cron, C.J.",R,SL,717552,26,3
"Cron, C.J.",R,FF,717552,26,4
"Cron, C.J.",R,FF,717552,26,5
"Jones, Nolan",L,FF,717552,27,1
"Jones, Nolan",L,SL,717552,27,2
"Jones, Nolan",L,CH,717552,27,3
"Jones, Nolan",L,CH,717552,27,4
"Tovar, Ezequiel",R,SI,717552,35,1
"Tovar, Ezequiel",R,SL,717552,35,2
"Tovar, Ezequiel",R,SL,717552,35,3
"Tovar, Ezequiel",R,SL,717552,35,4
"Tovar, Ezequiel",R,SI,717552,35,5
"Castro, Harold",L,SI,717552,36,1
"Castro, Harold",L,CH,717552,36,2
"Castro, Harold",L,CH,717552,36,3
"Castro, Harold",L,CH,717552,36,4
"Castro, Harold",L,FF,717552,36,5
"Castro, Harold",L,CH,717552,36,6
"Doyle, Brenton",R,SL,717552,37,1
"Doyle, Brenton",R,SL,717552,37,2
"Doyle, Brenton",R,CH,717552,37,3
"Doyle, Brenton",R,SL,717552,37,4
"Profar, Jurickson",L,SI,717552,41,1
"Profar, Jurickson",L,CH,717552,41,2
"Bryant, Kris",R,SL,717552,42,1
"Bryant, Kris",R,CH,717552,42,2
"Bryant, Kris",R,CH,717552,42,3
"Bryant, Kris",R,SL,717552,42,4
"Bryant, Kris",R,FF,717552,42,5
"Bryant, Kris",R,SL,717552,42,6
"Bryant, Kris",R,CH,717552,42,7
"McMahon, Ryan",L,SL,717552,43,1
"McMahon, Ryan",L,SL,717552,43,2
"McMahon, Ryan",L,FF,717552,43,3
"McMahon, Ryan",L,CH,717552,43,4
"McMahon, Ryan",L,SI,717552,43,5
"McMahon, Ryan",L,FF,717552,43,6
"DÃ­az, Elias",R,SL,717552,44,1
"DÃ­az, Elias",R,CH,717552,44,2
"DÃ­az, Elias",R,SL,717552,44,3
"DÃ­az, Elias",R,SL,717552,44,4
"DÃ­az, Elias",R,FF,717552,44,5
"Julien, Edouard",L,FF,717621,1,1
"Solano, Donovan",R,SI,717621,2,1
"Solano, Donovan",R,SI,717621,2,2
"Solano, Donovan",R,SL,717621,2,3
"Solano, Donovan",R,SL,717621,2,4
"Solano, Donovan",R,SL,717621,2,5
"Correa, Carlos",R,SI,717621,3,1
"Correa, Carlos",R,SL,717621,3,2
"Correa, Carlos",R,SI,717621,3,3
"Lewis, Royce",R,SL,717621,7,1
"Farmer, Kyle",R,FF,717621,8,1
"Farmer, Kyle",R,SL,717621,8,2
"Farmer, Kyle",R,SL,717621,8,3
"Farmer, Kyle",R,SL,717621,8,4
"Farmer, Kyle",R,SI,717621,8,5
"Farmer, Kyle",R,FF,717621,8,6
"Farmer, Kyle",R,SL,717621,8,7
"Castro, Willi",L,CH,717621,9,1
"Castro, Willi",L,FF,717621,9,2
"Castro, Willi",L,FF,717621,9,3
"Gallo, Joey",L,SL,717621,10,1
"Gallo, Joey",L,CH,717621,10,2
"Gallo, Joey",L,SL,717621,10,3
"Gallo, Joey",L,CH,717621,10,4
"Gallo, Joey",L,CH,717621,10,5
"Gallo, Joey",L,SL,717621,10,6
"VÃ¡zquez, Christian",R,SI,717621,14,1
"VÃ¡zquez, Christian",R,SL,717621,14,2
"VÃ¡zquez, Christian",R,SI,717621,14,3
"VÃ¡zquez, Christian",R,SL,717621,14,4
"VÃ¡zquez, Christian",R,SL,717621,14,5
"Taylor, Michael A.",R,SI,717621,15,1
"Taylor, Michael A.",R,SI,717621,15,2
"Taylor, Michael A.",R,SL,717621,15,3
"Taylor, Michael A.",R,SL,717621,15,4
"Taylor, Michael A.",R,SI,717621,15,5
"Taylor, Michael A.",R,SL,717621,15,6
"Julien, Edouard",L,SL,717621,16,1
"Solano, Donovan",R,SI,717621,17,1
"Solano, Donovan",R,SI,717621,17,2
"Solano, Donovan",R,SL,717621,17,3
"Correa, Carlos",R,SL,717621,18,1
"Correa, Carlos",R,SI,717621,18,2
"Correa, Carlos",R,FF,717621,18,3
"Correa, Carlos",R,SI,717621,18,4
"Correa, Carlos",R,SL,717621,18,5
"Correa, Carlos",R,FF,717621,18,6
"Correa, Carlos",R,SL,717621,18,7
"Lewis, Royce",R,FF,717621,26,1
"Lewis, Royce",R,SL,717621,26,2
"Lewis, Royce",R,SL,717621,26,3
"Lewis, Royce",R,FF,717621,26,4
"Lewis, Royce",R,SI,717621,26,5
"Farmer, Kyle",R,SI,717621,27,1
"Farmer, Kyle",R,SL,717621,27,2
"Farmer, Kyle",R,SL,717621,27,3
"Farmer, Kyle",R,SL,717621,27,4
"Farmer, Kyle",R,SL,717621,27,5
"Farmer, Kyle",R,FF,717621,27,6
"Castro, Willi",L,FF,717621,28,1
"Castro, Willi",L,SL,717621,28,2
"Castro, Willi",L,CH,717621,28,3
"Castro, Willi",L,FF,717621,28,4
"Gallo, Joey",L,FF,717621,29,1
"Gallo, Joey",L,SL,717621,29,2
"Gallo, Joey",L,CH,717621,29,3
"Gallo, Joey",L,CH,717621,29,4
"Gallo, Joey",L,SI,717621,29,5
"VÃ¡zquez, Christian",R,SI,717621,30,1
"VÃ¡zquez, Christian",R,SI,717621,30,2
"VÃ¡zquez, Christian",R,SL,717621,30,3
"VÃ¡zquez, Christian",R,FF,717621,30,4
"VÃ¡zquez, Christian",R,SL,717621,30,5
"VÃ¡zquez, Christian",R,SL,717621,30,6
"Taylor, Michael A.",R,SL,717621,34,1
"Taylor, Michael A.",R,SL,717621,34,2
"Taylor, Michael A.",R,FF,717621,34,3
"Julien, Edouard",L,CH,717621,35,1
"Solano, Donovan",R,SL,717621,36,1
"Solano, Donovan",R,SI,717621,36,2
"Solano, Donovan",R,SI,717621,36,3
"Solano, Donovan",R,SI,717621,36,4
"Correa, Carlos",R,SL,717621,37,1
"Correa, Carlos",R,SL,717621,37,2
"Correa, Carlos",R,SL,717621,37,3
"Correa, Carlos",R,SL,717621,37,4
"Pratto, Nick",L,FF,717681,1,1
"Pratto, Nick",L,FF,717681,1,2
"Pratto, Nick",L,CH,717681,1,3
"Pratto, Nick",L,FF,717681,1,4
"Pratto, Nick",L,CH,717681,1,5
"Pratto, Nick",L,FF,717681,1,6
"Witt Jr., Bobby",R,SL,717681,2,1
"Witt Jr., Bobby",R,SL,717681,2,2
"Witt Jr., Bobby",R,FF,717681,2,3
"Witt Jr., Bobby",R,SL,717681,2,4
"Witt Jr., Bobby",R,SL,717681,2,5
"Perez, Salvador",R,FF,717681,3,1
"Perez, Salvador",R,FF,717681,3,2
"Perez, Salvador",R,SL,717681,3,3
"Perez, Salvador",R,SL,717681,3,4
"Perez, Salvador",R,SI,717681,3,5
"Melendez, MJ",L,CH,717681,4,1
"Melendez, MJ",L,FF,717681,4,2
"Melendez, MJ",L,SL,717681,4,3
"Melendez, MJ",L,CH,717681,4,4
"Melendez, MJ",L,CH,717681,4,5
"Garcia, Maikel",R,FF,717681,5,1
"Garcia, Maikel",R,FF,717681,5,2
"Beaty, Matt",L,FF,717681,9,1
"Beaty, Matt",L,SL,717681,9,2
"Beaty, Matt",L,SL,717681,9,3
"Beaty, Matt",L,FF,717681,9,4
"Beaty, Matt",L,FF,717681,9,5
"Blanco, Dairon",R,SI,717681,10,1
"Lopez, Nicky",L,FF,717681,11,2
"Lopez, Nicky",L,FF,717681,11,3
"Lopez, Nicky",L,CH,717681,11,4
"Waters, Drew",L,CH,717681,12,1
"Waters, Drew",L,CH,717681,12,2
"Waters, Drew",L,FF,717681,12,3
"Waters, Drew",L,CH,717681,12,4
"Waters, Drew",L,FF,717681,12,5
"Pratto, Nick",L,CH,717681,13,1
"Pratto, Nick",L,CH,717681,13,2
"Pratto, Nick",L,FF,717681,13,3
"Pratto, Nick",L,FF,717681,13,4
"Pratto, Nick",L,FF,717681,13,5
"Witt Jr., Bobby",R,FF,717681,17,1
"Witt Jr., Bobby",R,FF,717681,17,2
"Witt Jr., Bobby",R,SL,717681,17,3
"Perez, Salvador",R,FF,717681,18,1
"Melendez, MJ",L,FF,717681,19,1
"Melendez, MJ",L,SL,717681,19,2
"Melendez, MJ",L,CH,717681,19,3
"Melendez, MJ",L,FF,717681,19,4
"Melendez, MJ",L,CH,717681,19,5
"Garcia, Maikel",R,SI,717681,24,1
"Beaty, Matt",L,FF,717681,25,1
"Beaty, Matt",L,FF,717681,25,2
"Blanco, Dairon",R,SI,717681,26,1
"Lopez, Nicky",L,FF,717681,27,1
"Lopez, Nicky",L,CH,717681,27,2
"Lopez, Nicky",L,FF,717681,27,3
"Lopez, Nicky",L,FF,717681,27,4
"Waters, Drew",L,FF,717681,28,1
"Waters, Drew",L,CH,717681,28,2
"Waters, Drew",L,CH,717681,28,3
"Waters, Drew",L,FF,717681,28,4
"Pratto, Nick",L,SL,717681,33,1
"Pratto, Nick",L,CH,717681,33,2
"Pratto, Nick",L,CH,717681,33,3
"Pratto, Nick",L,FF,717681,33,4
"Witt Jr., Bobby",R,SI,717681,34,1
"Witt Jr., Bobby",R,SL,717681,34,2
"Witt Jr., Bobby",R,FF,717681,34,3
"Witt Jr., Bobby",R,SL,717681,34,4
"Perez, Salvador",R,SL,717681,35,1
"Perez, Salvador",R,FF,717681,35,2
"Perez, Salvador",R,SL,717681,35,3
"Perez, Salvador",R,SL,717681,35,4
"Melendez, MJ",L,CH,717681,39,1
"Melendez, MJ",L,CH,717681,39,2
"Melendez, MJ",L,CH,717681,39,3
"Garcia, Maikel",R,SI,717681,40,1
"Beaty, Matt",L,SL,717681,41,1
"Beaty, Matt",L,CH,717681,41,2
"Beaty, Matt",L,FF,717681,41,3
"Beaty, Matt",L,CH,717681,41,4
"Blanco, Dairon",R,SL,717681,42,1
"Blanco, Dairon",R,SI,717681,42,2
"Lopez, Nicky",L,CH,717681,43,1
"Lopez, Nicky",L,FF,717681,43,2
"Lopez, Nicky",L,CH,717681,43,3
"Lopez, Nicky",L,FF,717681,43,4
"Waters, Drew",L,FF,717681,44,1
"Waters, Drew",L,CH,717681,44,2
"Waters, Drew",L,FF,717681,44,3
"Waters, Drew",L,FF,717681,44,4
"AcuÃ±a Jr., Ronald",R,SL,717784,1,1
"AcuÃ±a Jr., Ronald",R,SL,717784,1,2
"AcuÃ±a Jr., Ronald",R,FF,717784,1,3
"AcuÃ±a Jr., Ronald",R,SL,717784,1,4
"AcuÃ±a Jr., Ronald",R,FF,717784,1,5
"AcuÃ±a Jr., Ronald",R,FF,717784,1,6
"AcuÃ±a Jr., Ronald",R,FF,717784,1,7
"Olson, Matt",L,FF,717784,2,1
"Olson, Matt",L,SL,717784,2,2
"Olson, Matt",L,SL,717784,2,3
"Riley, Austin",R,SI,717784,3,1
"Riley, Austin",R,SL,717784,3,2
"Murphy, Sean",R,SL,717784,4,1
"Ozuna, Marcell",R,FF,717784,10,1
"Ozuna, Marcell",R,SL,717784,10,2
"Ozuna, Marcell",R,SL,717784,10,3
"Ozuna, Marcell",R,FF,717784,10,4
"Ozuna, Marcell",R,SL,717784,10,5
"Ozuna, Marcell",R,SL,717784,10,6
"Rosario, Eddie",L,CH,717784,11,1
"Rosario, Eddie",L,FF,717784,11,2
"Rosario, Eddie",L,FF,717784,11,3
"Rosario, Eddie",L,SL,717784,11,4
"Albies, Ozzie",L,SL,717784,12,1
"Albies, Ozzie",L,CH,717784,12,2
"Albies, Ozzie",L,FF,717784,12,3
"Albies, Ozzie",L,CH,717784,12,4
"Arcia, Orlando",R,SI,717784,13,1
"Arcia, Orlando",R,FF,717784,13,2
"Arcia, Orlando",R,SL,717784,13,3
"Arcia, Orlando",R,SL,717784,13,4
"Arcia, Orlando",R,SL,717784,13,5
"Arcia, Orlando",R,FF,717784,13,6
"Arcia, Orlando",R,FF,717784,13,7
"Arcia, Orlando",R,SI,717784,13,8
"Harris II, Michael",L,FF,717784,14,1
"Harris II, Michael",L,FF,717784,14,2
"AcuÃ±a Jr., Ronald",R,FF,717784,19,1
"AcuÃ±a Jr., Ronald",R,SI,717784,19,2
"AcuÃ±a Jr., Ronald",R,SL,717784,19,3
"Olson, Matt",L,CH,717784,20,1
"Olson, Matt",L,FF,717784,20,2
"Olson, Matt",L,FF,717784,20,3
"Olson, Matt",L,SL,717784,20,4
"Riley, Austin",R,SL,717784,21,1
"Riley, Austin",R,SL,717784,21,2
"Riley, Austin",R,SL,717784,21,3
"Riley, Austin",R,FF,717784,21,4
"Riley, Austin",R,SI,717784,21,5
"Murphy, Sean",R,FF,717784,22,1
"Murphy, Sean",R,SI,717784,22,2
"Murphy, Sean",R,SL,717784,22,3
"Ozuna, Marcell",R,SL,717784,27,1
"Ozuna, Marcell",R,FF,717784,27,2
"Rosario, Eddie",L,SL,717784,28,1
"Rosario, Eddie",L,SL,717784,28,2
"Albies, Ozzie",L,SL,717784,29,1
"Albies, Ozzie",L,FF,717784,29,2
"Albies, Ozzie",L,FF,717784,29,3
"Albies, Ozzie",L,FF,717784,29,4
"Arcia, Orlando",R,SL,717784,30,1
"Arcia, Orlando",R,FF,717784,30,2
"Arcia, Orlando",R,SL,717784,30,3
"Arcia, Orlando",R,SL,717784,30,4
"Harris II, Michael",L,FF,717784,31,1
"AcuÃ±a Jr., Ronald",R,SL,717784,32,1
"Olson, Matt",L,FF,717784,41,1
"Olson, Matt",L,SL,717784,41,2
"Olson, Matt",L,FF,717784,41,3
"Olson, Matt",L,FF,717784,41,4
"Olson, Matt",L,CH,717784,41,5
"Olson, Matt",L,CH,717784,41,6
"Riley, Austin",R,SL,717784,42,1
"Riley, Austin",R,SI,717784,42,2
"Riley, Austin",R,SL,717784,42,3
"Riley, Austin",R,SL,717784,42,4
"Murphy, Sean",R,SL,717784,43,1
"Ozuna, Marcell",R,SL,717784,44,1
"Ozuna, Marcell",R,FF,717784,44,2
"Ozuna, Marcell",R,FF,717784,44,3
"Ozuna, Marcell",R,FF,717784,44,4
"Ozuna, Marcell",R,SL,717784,44,5
"Rosario, Eddie",L,CH,717784,48,2
"Rosario, Eddie",L,CH,717784,48,3
"Rosario, Eddie",L,FF,717784,48,4
"Albies, Ozzie",L,SL,717784,49,1
"Arcia, Orlando",R,SL,717784,50,1
"Arcia, Orlando",R,SL,717784,50,2
"Arcia, Orlando",R,SI,717784,50,3
"Arcia, Orlando",R,SL,717784,50,4
"Harris II, Michael",L,FF,717784,51,1
"Harris II, Michael",L,CH,717784,51,2
"Harris II, Michael",L,CH,717784,51,3
"Harris II, Michael",L,CH,717784,51,4
"Smith, Pavin",L,FF,717834,1,1
"Smith, Pavin",L,CH,717834,1,2
"Smith, Pavin",L,FF,717834,1,3
"Marte, Ketel",L,FF,717834,2,1
"Marte, Ketel",L,FF,717834,2,2
"Marte, Ketel",L,FF,717834,2,3
"Marte, Ketel",L,CH,717834,2,4
"Marte, Ketel",L,CH,717834,2,5
"Carroll, Corbin",L,FF,717834,3,1
"Walker, Christian",R,SL,717834,4,1
"Rivera, Emmanuel",R,SL,717834,9,1
"Rivera, Emmanuel",R,SI,717834,9,2
"Rojas, Josh",L,CH,717834,10,1
"Rojas, Josh",L,CH,717834,10,2
"Rojas, Josh",L,FF,717834,10,3
"Rojas, Josh",L,CH,717834,10,4
"McCarthy, Jake",L,FF,717834,11,1
"McCarthy, Jake",L,SL,717834,11,2
"McCarthy, Jake",L,FF,717834,11,3
"McCarthy, Jake",L,CH,717834,11,4
"Perdomo, Geraldo",L,FF,717834,12,1
"Perdomo, Geraldo",L,FF,717834,12,2
"Perdomo, Geraldo",L,FF,717834,12,3
"Perdomo, Geraldo",L,CH,717834,12,4
"Herrera, Jose",L,FF,717834,18,1
"Herrera, Jose",L,FF,717834,18,2
"Herrera, Jose",L,SL,717834,18,3
"Herrera, Jose",L,SL,717834,18,4
"Herrera, Jose",L,FF,717834,18,5
"Herrera, Jose",L,FF,717834,18,6
"Smith, Pavin",L,CH,717834,19,1
"Smith, Pavin",L,CH,717834,19,2
"Smith, Pavin",L,CH,717834,19,3
"Smith, Pavin",L,FF,717834,19,4
"Marte, Ketel",L,CH,717834,20,1
"Marte, Ketel",L,FF,717834,20,2
"Marte, Ketel",L,FF,717834,20,3
"Marte, Ketel",L,SL,717834,20,4
"Carroll, Corbin",L,CH,717834,21,1
"Carroll, Corbin",L,FF,717834,21,2
"Carroll, Corbin",L,FF,717834,21,3
"Carroll, Corbin",L,SL,717834,21,4
"Carroll, Corbin",L,CH,717834,21,5
"Carroll, Corbin",L,FF,717834,21,6
"Walker, Christian",R,SL,717834,26,1
"Rivera, Emmanuel",R,FF,717834,27,1
"Rivera, Emmanuel",R,SL,717834,27,2
"Rivera, Emmanuel",R,SL,717834,27,3
"Rivera, Emmanuel",R,SL,717834,27,4
"Rojas, Josh",L,SL,717834,28,1
"Rojas, Josh",L,CH,717834,28,2
"McCarthy, Jake",L,FF,717834,32,1
"Perdomo, Geraldo",L,FF,717834,33,1
"Perdomo, Geraldo",L,CH,717834,33,2
"Perdomo, Geraldo",L,CH,717834,33,3
"Perdomo, Geraldo",L,FF,717834,33,4
"Herrera, Jose",L,CH,717834,34,1
"Herrera, Jose",L,CH,717834,34,2
"Smith, Pavin",L,FF,717834,39,1
"Smith, Pavin",L,CH,717834,39,2
"Smith, Pavin",L,FF,717834,39,3
"Smith, Pavin",L,FF,717834,39,4
"Smith, Pavin",L,SL,717834,39,5
"Marte, Ketel",L,SL,717834,40,1
"Marte, Ketel",L,CH,717834,40,2
"Marte, Ketel",L,CH,717834,40,3
"Marte, Ketel",L,CH,717834,40,4
"Marte, Ketel",L,CH,717834,40,5
"Marte, Ketel",L,FF,717834,40,6
"Carroll, Corbin",L,FF,717834,41,1
"Carroll, Corbin",L,SL,717834,41,2
"Walker, Christian",R,SI,717834,47,1
"Walker, Christian",R,FF,717834,47,2
"Rivera, Emmanuel",R,SL,717834,48,1
"Rivera, Emmanuel",R,SI,717834,48,2
"Rojas, Josh",L,CH,717834,49,1
"McCarthy, Jake",L,CH,717834,50,1
"McCarthy, Jake",L,FF,717834,50,2
"McCarthy, Jake",L,SL,717834,50,3
"Perdomo, Geraldo",L,FF,717834,51,1
"Perdomo, Geraldo",L,CH,717834,51,2
"Perdomo, Geraldo",L,CH,717834,51,3
"Herrera, Jose",L,FF,717834,52,1
"Herrera, Jose",L,FF,717834,52,2
"Herrera, Jose",L,FF,717834,52,3
"Herrera, Jose",L,SL,717834,52,4
"Anderson, Tim",R,SI,717915,4,1
"Anderson, Tim",R,SI,717915,4,2
"Benintendi, Andrew",L,SL,717915,5,1
"Benintendi, Andrew",L,SL,717915,5,2
"Robert Jr., Luis",R,SL,717915,6,1
"JimÃ©nez, Eloy",R,SL,717915,7,1
"JimÃ©nez, Eloy",R,SL,717915,7,2
"JimÃ©nez, Eloy",R,SI,717915,7,3
"JimÃ©nez, Eloy",R,SL,717915,7,4
"JimÃ©nez, Eloy",R,FF,717915,7,5
"JimÃ©nez, Eloy",R,SL,717915,7,6
"Moncada, YoÃ¡n",L,FF,717915,12,1
"Vaughn, Andrew",R,FF,717915,13,1
"Vaughn, Andrew",R,SL,717915,13,2
"Vaughn, Andrew",R,SL,717915,13,3
"Vaughn, Andrew",R,SI,717915,13,4
"Grandal, Yasmani",L,SL,717915,14,1
"Grandal, Yasmani",L,CH,717915,14,2
"Grandal, Yasmani",L,CH,717915,14,3
"Sheets, Gavin",L,FF,717915,19,1
"Sheets, Gavin",L,CH,717915,19,2
"Sheets, Gavin",L,CH,717915,19,3
"Andrus, Elvis",R,SL,717915,20,1
"Andrus, Elvis",R,SL,717915,20,2
"Andrus, Elvis",R,SI,717915,20,3
"Andrus, Elvis",R,SL,717915,20,4
"Andrus, Elvis",R,SL,717915,20,5
"Anderson, Tim",R,SL,717915,21,1
"Benintendi, Andrew",L,FF,717915,27,1
"Benintendi, Andrew",L,FF,717915,27,2
"Benintendi, Andrew",L,FF,717915,27,3
"Benintendi, Andrew",L,CH,717915,27,4
"Benintendi, Andrew",L,FF,717915,27,5
"Benintendi, Andrew",L,SL,717915,27,6
"Benintendi, Andrew",L,FF,717915,27,7
"Benintendi, Andrew",L,SL,717915,27,8
"Benintendi, Andrew",L,CH,717915,27,9
"Robert Jr., Luis",R,SI,717915,28,1
"Robert Jr., Luis",R,SL,717915,28,2
"Robert Jr., Luis",R,SL,717915,28,3
"Robert Jr., Luis",R,SI,717915,28,4
"Robert Jr., Luis",R,SL,717915,28,5
"JimÃ©nez, Eloy",R,SI,717915,29,1
"JimÃ©nez, Eloy",R,SI,717915,29,2
"JimÃ©nez, Eloy",R,SL,717915,29,3
"JimÃ©nez, Eloy",R,SL,717915,29,4
"JimÃ©nez, Eloy",R,SI,717915,29,5
"JimÃ©nez, Eloy",R,FF,717915,29,6
"JimÃ©nez, Eloy",R,SL,717915,29,7
"Moncada, YoÃ¡n",L,SL,717915,30,1
"Moncada, YoÃ¡n",L,SL,717915,30,2
"Moncada, YoÃ¡n",L,FF,717915,30,3
"Moncada, YoÃ¡n",L,CH,717915,30,4
"Moncada, YoÃ¡n",L,SL,717915,30,5
"Moncada, YoÃ¡n",L,CH,717915,30,6
"Vaughn, Andrew",R,SI,717915,34,1
"Vaughn, Andrew",R,SI,717915,34,2
"Vaughn, Andrew",R,SL,717915,34,3
"Vaughn, Andrew",R,SL,717915,34,4
"Vaughn, Andrew",R,SL,717915,34,5
"Grandal, Yasmani",L,FF,717915,35,1
"Sheets, Gavin",L,SL,717915,36,1
"Sheets, Gavin",L,FF,717915,36,2
"Sheets, Gavin",L,FF,717915,36,3
"Sheets, Gavin",L,CH,717915,36,4
"Sheets, Gavin",L,SL,717915,36,5
"Sheets, Gavin",L,SL,717915,36,6
"Sheets, Gavin",L,SL,717915,36,7
"Sheets, Gavin",L,CH,717915,36,8
"Andrus, Elvis",R,SL,717915,41,1
"Andrus, Elvis",R,SI,717915,41,2
"Andrus, Elvis",R,SI,717915,41,3
"Anderson, Tim",R,SI,717915,42,1
"Anderson, Tim",R,SL,717915,42,2
"Anderson, Tim",R,SL,717915,42,3
"Anderson, Tim",R,FF,717915,42,4
"Benintendi, Andrew",L,SL,717915,43,1
"Benintendi, Andrew",L,FF,717915,43,2
"Robert Jr., Luis",R,SL,717915,47,1
"Robert Jr., Luis",R,SI,717915,47,2
"JimÃ©nez, Eloy",R,SI,717915,48,1
"JimÃ©nez, Eloy",R,FF,717915,48,2
"JimÃ©nez, Eloy",R,SI,717915,48,3
"Moncada, YoÃ¡n",L,CH,717915,49,1
"Moncada, YoÃ¡n",L,FF,717915,49,2
"Anderson, Tim",R,SI,718005,1,1
"Anderson, Tim",R,SI,718005,1,2
"Anderson, Tim",R,SL,718005,1,3
"Anderson, Tim",R,FF,718005,1,4
"Benintendi, Andrew",L,FF,718005,2,1
"Benintendi, Andrew",L,FF,718005,2,2
"Benintendi, Andrew",L,CT,718005,2,3
"Benintendi, Andrew",L,SL,718005,2,4
"Benintendi, Andrew",L,FF,718005,2,5
"Benintendi, Andrew",L,FF,718005,2,6
"Moncada, YoÃ¡n",L,FF,718005,3,1
"Moncada, YoÃ¡n",L,CH,718005,3,2
"Moncada, YoÃ¡n",L,FF,718005,3,3
"Vaughn, Andrew",R,SL,718005,8,1
"Vaughn, Andrew",R,SL,718005,8,2
"Grandal, Yasmani",L,FF,718005,9,1
"Grandal, Yasmani",L,FF,718005,9,2
"Grandal, Yasmani",L,CH,718005,9,3
"Burger, Jake",R,FF,718005,10,1
"Burger, Jake",R,SL,718005,10,2
"Sheets, Gavin",L,SL,718005,18,1
"Sheets, Gavin",L,FF,718005,18,2
"Sheets, Gavin",L,FF,718005,18,3
"Sheets, Gavin",L,SL,718005,18,4
"Sheets, Gavin",L,FF,718005,18,5
"Sheets, Gavin",L,CH,718005,18,6
"Frazier, Clint",R,FF,718005,19,1
"Frazier, Clint",R,SL,718005,19,2
"Frazier, Clint",R,SI,718005,19,3
"Frazier, Clint",R,SL,718005,19,4
"Frazier, Clint",R,FF,718005,19,5
"GonzÃ¡lez, Romy",R,FF,718005,20,1
"GonzÃ¡lez, Romy",R,SI,718005,20,2
"GonzÃ¡lez, Romy",R,SL,718005,20,3
"GonzÃ¡lez, Romy",R,SI,718005,20,4
"Anderson, Tim",R,FF,718005,24,1
"Anderson, Tim",R,SI,718005,24,2
"Benintendi, Andrew",L,FF,718005,25,1
"Benintendi, Andrew",L,CH,718005,25,2
"Benintendi, Andrew",L,SL,718005,25,3
"Benintendi, Andrew",L,CH,718005,25,4
"Benintendi, Andrew",L,FF,718005,25,5
"Benintendi, Andrew",L,FF,718005,25,6
"Benintendi, Andrew",L,SL,718005,25,7
"Benintendi, Andrew",L,SL,718005,25,8
"Moncada, YoÃ¡n",L,FF,718005,26,1
"Moncada, YoÃ¡n",L,FF,718005,26,2
"Moncada, YoÃ¡n",L,SL,718005,26,3
"Moncada, YoÃ¡n",L,CH,718005,26,4
"Moncada, YoÃ¡n",L,CH,718005,26,5
"Vaughn, Andrew",R,SI,718005,30,1
"Vaughn, Andrew",R,FF,718005,30,2
"Vaughn, Andrew",R,SL,718005,30,3
"Vaughn, Andrew",R,FF,718005,30,4
"Vaughn, Andrew",R,SL,718005,30,5
"Vaughn, Andrew",R,SI,718005,30,6
"Grandal, Yasmani",L,SL,718005,31,1
"Grandal, Yasmani",L,SL,718005,31,2
"Grandal, Yasmani",L,FF,718005,31,3
"Grandal, Yasmani",L,CH,718005,31,4
"Burger, Jake",R,SI,718005,32,1
"Burger, Jake",R,FF,718005,32,2
"Burger, Jake",R,SI,718005,32,3
"Sheets, Gavin",L,SL,718005,38,1
"Sheets, Gavin",L,CH,718005,38,2
"Sheets, Gavin",L,FF,718005,38,3
"Frazier, Clint",R,SL,718005,39,1
"Frazier, Clint",R,SL,718005,39,2
"Frazier, Clint",R,SI,718005,39,3
"Frazier, Clint",R,SI,718005,39,4
"GonzÃ¡lez, Romy",R,SL,718005,40,1
"Anderson, Tim",R,SI,718005,41,1
"Benintendi, Andrew",L,FF,718005,46,1
"Benintendi, Andrew",L,FF,718005,46,2
"Benintendi, Andrew",L,SL,718005,46,3
"Benintendi, Andrew",L,CH,718005,46,4
"Benintendi, Andrew",L,CH,718005,46,5
"Moncada, YoÃ¡n",L,SL,718005,47,1
"Moncada, YoÃ¡n",L,FF,718005,47,2
"Moncada, YoÃ¡n",L,FF,718005,47,3
"Moncada, YoÃ¡n",L,CH,718005,47,4
"Moncada, YoÃ¡n",L,SL,718005,47,5
"Moncada, YoÃ¡n",L,FF,718005,47,6
"Vaughn, Andrew",R,SL,718005,48,1
"Vaughn, Andrew",R,FF,718005,48,2
"Grandal, Yasmani",L,FF,718005,49,1
"Grandal, Yasmani",L,FF,718005,49,2
"Grandal, Yasmani",L,CH,718005,49,3
"Grandal, Yasmani",L,SL,718005,49,4
"Grandal, Yasmani",L,FF,718005,49,5
"Grandal, Yasmani",L,SL,718005,49,6
"Grandal, Yasmani",L,FF,718005,49,7
"Grandal, Yasmani",L,CH,718005,49,8
"Grandal, Yasmani",L,FF,718005,49,9
"Grandal, Yasmani",L,FF,718005,49,10
"Pratto, Nick",L,FF,718066,9,1
"Pratto, Nick",L,FF,718066,9,2
"Pratto, Nick",L,CH,718066,9,3
"Pratto, Nick",L,FF,718066,9,4
"Pasquantino, Vinnie",L,FF,718066,10,1
"Pasquantino, Vinnie",L,FF,718066,10,2
"Pasquantino, Vinnie",L,FF,718066,10,3
"Pasquantino, Vinnie",L,CH,718066,10,4
"Perez, Salvador",R,SI,718066,11,1
"Perez, Salvador",R,SL,718066,11,2
"Melendez, MJ",L,FF,718066,12,1
"Melendez, MJ",L,FF,718066,12,2
"Melendez, MJ",L,CH,718066,12,3
"Melendez, MJ",L,FF,718066,12,4
"Massey, Michael",L,SL,718066,13,1
"Massey, Michael",L,CH,718066,13,2
"Massey, Michael",L,SL,718066,13,3
"Massey, Michael",L,FF,718066,13,4
"Witt Jr., Bobby",R,SL,718066,14,1
"Witt Jr., Bobby",R,SL,718066,14,2
"Lopez, Nicky",L,FF,718066,20,1
"Lopez, Nicky",L,FF,718066,20,2
"Lopez, Nicky",L,FF,718066,20,3
"Lopez, Nicky",L,FF,718066,20,4
"Lopez, Nicky",L,FF,718066,20,5
"Bradley Jr., Jackie",L,SL,718066,21,1
"Bradley Jr., Jackie",L,CH,718066,21,2
"Bradley Jr., Jackie",L,FF,718066,21,3
"Bradley Jr., Jackie",L,FF,718066,21,4
"Garcia, Maikel",R,SL,718066,22,1
"Garcia, Maikel",R,SL,718066,22,2
"Garcia, Maikel",R,SL,718066,22,3
"Garcia, Maikel",R,FF,718066,22,4
"Garcia, Maikel",R,FF,718066,22,5
"Pratto, Nick",L,SL,718066,29,1
"Pratto, Nick",L,FF,718066,29,2
"Pasquantino, Vinnie",L,FF,718066,30,1
"Pasquantino, Vinnie",L,FF,718066,30,2
"Pasquantino, Vinnie",L,SL,718066,30,3
"Pasquantino, Vinnie",L,FF,718066,30,4
"Pasquantino, Vinnie",L,CH,718066,30,5
"Perez, Salvador",R,SL,718066,31,1
"Perez, Salvador",R,SI,718066,31,2
"Perez, Salvador",R,FF,718066,31,3
"Perez, Salvador",R,SL,718066,31,4
"Melendez, MJ",L,SL,718066,36,1
"Melendez, MJ",L,FF,718066,36,2
"Melendez, MJ",L,CH,718066,36,3
"Massey, Michael",L,SL,718066,37,1
"Massey, Michael",L,SL,718066,37,2
"Massey, Michael",L,CH,718066,37,3
"Massey, Michael",L,FF,718066,37,4
"Massey, Michael",L,FF,718066,37,5
"Massey, Michael",L,FF,718066,37,6
"Massey, Michael",L,SL,718066,37,7
"Witt Jr., Bobby",R,FF,718066,38,1
"Lopez, Nicky",L,FF,718066,42,1
"Lopez, Nicky",L,CH,718066,42,2
"Bradley Jr., Jackie",L,SL,718066,43,1
"Bradley Jr., Jackie",L,SL,718066,43,2
"Bradley Jr., Jackie",L,SL,718066,43,3
"Bradley Jr., Jackie",L,SL,718066,43,4
"Bradley Jr., Jackie",L,FF,718066,43,5
"Bradley Jr., Jackie",L,FF,718066,43,6
"Bradley Jr., Jackie",L,SL,718066,43,7
"Garcia, Maikel",R,FF,718066,44,1
"Garcia, Maikel",R,SL,718066,44,2
"Pratto, Nick",L,FF,718066,45,1
"Pratto, Nick",L,FF,718066,45,2
"Pasquantino, Vinnie",L,SL,718066,46,1
"Pasquantino, Vinnie",L,FF,718066,46,2
"Pasquantino, Vinnie",L,FF,718066,46,3
"Perez, Salvador",R,FF,718066,53,1
"Perez, Salvador",R,FF,718066,53,2
"Perez, Salvador",R,SL,718066,53,3
"Melendez, MJ",L,FF,718066,54,1
"Melendez, MJ",L,CH,718066,54,2
"Melendez, MJ",L,FF,718066,54,3
"Melendez, MJ",L,SL,718066,54,4
"Melendez, MJ",L,FF,718066,54,5
"Melendez, MJ",L,CH,718066,54,6
"Massey, Michael",L,CH,718066,55,1
"Massey, Michael",L,CH,718066,55,2
"Massey, Michael",L,FF,718066,55,3
"Massey, Michael",L,CH,718066,55,4
"McCutchen, Andrew",R,FF,718155,1,1
"McCutchen, Andrew",R,SI,718155,1,2
"McCutchen, Andrew",R,SL,718155,1,3
"McCutchen, Andrew",R,SL,718155,1,4
"McCutchen, Andrew",R,SL,718155,1,5
"McCutchen, Andrew",R,SI,718155,1,6
"Reynolds, Bryan",L,NA,718155,2,1
"Reynolds, Bryan",L,NA,718155,2,2
"Reynolds, Bryan",L,CH,718155,2,3
"Reynolds, Bryan",L,CH,718155,2,4
"Santana, Carlos",L,FF,718155,3,1
"Santana, Carlos",L,FF,718155,3,2
"Santana, Carlos",L,CH,718155,3,3
"Santana, Carlos",L,SL,718155,3,4
"Santana, Carlos",L,CH,718155,3,5
"Santana, Carlos",L,FF,718155,3,6
"Suwinski, Jack",L,FF,718155,4,1
"Suwinski, Jack",L,FF,718155,4,2
"Suwinski, Jack",L,CH,718155,4,3
"Hayes, Ke'Bryan",R,SI,718155,13,1
"Hayes, Ke'Bryan",R,SL,718155,13,2
"Marcano, Tucupita",L,FF,718155,14,1
"Marcano, Tucupita",L,SL,718155,14,2
"Marcano, Tucupita",L,FF,718155,14,3
"Bae, Ji Hwan",L,SL,718155,15,1
"Bae, Ji Hwan",L,CH,718155,15,2
"Bae, Ji Hwan",L,FF,718155,15,3
"Bae, Ji Hwan",L,FF,718155,15,4
"Palacios, Josh",L,CH,718155,16,1
"Palacios, Josh",L,CH,718155,16,2
"Palacios, Josh",L,SL,718155,16,3
"Palacios, Josh",L,FF,718155,16,4
"Palacios, Josh",L,FF,718155,16,5
"Palacios, Josh",L,CH,718155,16,6
"Delay, Jason",R,SI,718155,21,1
"Delay, Jason",R,SI,718155,21,2
"Delay, Jason",R,SL,718155,21,3
"Delay, Jason",R,SI,718155,21,4
"Delay, Jason",R,FF,718155,21,5
"Delay, Jason",R,FF,718155,21,6
"McCutchen, Andrew",R,SL,718155,22,1
"McCutchen, Andrew",R,SL,718155,22,2
"Reynolds, Bryan",L,SL,718155,23,1
"Reynolds, Bryan",L,SL,718155,23,2
"Reynolds, Bryan",L,CH,718155,23,3
"Reynolds, Bryan",L,CH,718155,23,4
"Reynolds, Bryan",L,FF,718155,23,5
"Reynolds, Bryan",L,FF,718155,23,6
"Santana, Carlos",L,FF,718155,30,1
"Santana, Carlos",L,FF,718155,30,2
"Santana, Carlos",L,CH,718155,30,3
"Santana, Carlos",L,CH,718155,30,4
"Suwinski, Jack",L,FF,718155,31,1
"Suwinski, Jack",L,CH,718155,31,2
"Suwinski, Jack",L,FF,718155,31,3
"Hayes, Ke'Bryan",R,SL,718155,32,1
"Hayes, Ke'Bryan",R,SL,718155,32,2
"Hayes, Ke'Bryan",R,FF,718155,32,3
"Hayes, Ke'Bryan",R,FF,718155,32,4
"Hayes, Ke'Bryan",R,SL,718155,32,5
"Marcano, Tucupita",L,SL,718155,33,1
"Marcano, Tucupita",L,SL,718155,33,2
"Marcano, Tucupita",L,CH,718155,33,3
"Marcano, Tucupita",L,FF,718155,33,4
"Marcano, Tucupita",L,SL,718155,33,5
"Bae, Ji Hwan",L,FF,718155,38,1
"Bae, Ji Hwan",L,FF,718155,38,2
"Bae, Ji Hwan",L,SL,718155,38,3
"Bae, Ji Hwan",L,CH,718155,38,4
"Bae, Ji Hwan",L,FF,718155,38,5
"Palacios, Josh",L,SL,718155,39,1
"Palacios, Josh",L,FF,718155,39,2
"Palacios, Josh",L,CH,718155,39,3
"Palacios, Josh",L,CH,718155,39,4
"Palacios, Josh",L,SL,718155,39,5
"Delay, Jason",R,SI,718155,40,1
"McCutchen, Andrew",R,SI,718155,41,1
"McCutchen, Andrew",R,SI,718155,41,2
"McCutchen, Andrew",R,FF,718155,41,3
"McCutchen, Andrew",R,SL,718155,41,4
"McCutchen, Andrew",R,SL,718155,41,5
"McCutchen, Andrew",R,SI,718155,41,6
"Reynolds, Bryan",L,FF,718155,42,1
"Reynolds, Bryan",L,CH,718155,42,2
"Reynolds, Bryan",L,CH,718155,42,3
"Reynolds, Bryan",L,SL,718155,42,4
"Santana, Carlos",L,SL,718155,46,1
"Santana, Carlos",L,CH,718155,46,2
"Santana, Carlos",L,SL,718155,46,3
"Suwinski, Jack",L,CH,718155,47,1
"Suwinski, Jack",L,FF,718155,47,2
"Suwinski, Jack",L,FF,718155,47,3
"Suwinski, Jack",L,SL,718155,47,4
"Hayes, Ke'Bryan",R,SI,718155,48,1
"Hayes, Ke'Bryan",R,SL,718155,48,2
"Hayes, Ke'Bryan",R,SL,718155,48,3
"Marcano, Tucupita",L,CH,718155,49,1
"Marcano, Tucupita",L,CH,718155,49,2
"Marcano, Tucupita",L,FF,718155,49,3
"Kwan, Steven",L,FF,718248,5,1
"Kwan, Steven",L,SL,718248,5,2
"Rosario, Amed",R,SL,718248,6,1
"RamÃ­rez, JosÃ©",L,FF,718248,7,1
"RamÃ­rez, JosÃ©",L,FF,718248,7,2
"RamÃ­rez, JosÃ©",L,SL,718248,7,3
"RamÃ­rez, JosÃ©",L,FF,718248,7,4
"RamÃ­rez, JosÃ©",L,CH,718248,7,5
"RamÃ­rez, JosÃ©",L,CH,718248,7,6
"Naylor, Josh",L,CH,718248,8,1
"Bell, Josh",L,CH,718248,9,1
"GimÃ©nez, AndrÃ©s",L,FF,718248,16,1
"GimÃ©nez, AndrÃ©s",L,FF,718248,16,2
"GimÃ©nez, AndrÃ©s",L,FF,718248,16,3
"GimÃ©nez, AndrÃ©s",L,CH,718248,16,4
"GimÃ©nez, AndrÃ©s",L,CH,718248,16,5
"GimÃ©nez, AndrÃ©s",L,SI,718248,16,6
"GimÃ©nez, AndrÃ©s",L,CH,718248,16,7
"Straw, Myles",R,SI,718248,17,1
"Straw, Myles",R,SL,718248,17,2
"Straw, Myles",R,SL,718248,17,3
"Straw, Myles",R,SI,718248,17,4
"Straw, Myles",R,SL,718248,17,5
"Brennan, Will",L,FF,718248,18,1
"Brennan, Will",L,SL,718248,18,2
"Brennan, Will",L,CH,718248,18,3
"Gallagher, Cam",R,FF,718248,23,1
"Gallagher, Cam",R,SL,718248,23,2
"Gallagher, Cam",R,SL,718248,23,3
"Kwan, Steven",L,SL,718248,24,1
"Kwan, Steven",L,CH,718248,24,2
"Rosario, Amed",R,SL,718248,25,1
"Rosario, Amed",R,FF,718248,25,2
"Rosario, Amed",R,SI,718248,25,3
"RamÃ­rez, JosÃ©",L,CH,718248,26,1
"RamÃ­rez, JosÃ©",L,CH,718248,26,2
"RamÃ­rez, JosÃ©",L,CH,718248,26,3
"RamÃ­rez, JosÃ©",L,FF,718248,26,4
"RamÃ­rez, JosÃ©",L,FF,718248,26,5
"Naylor, Josh",L,FF,718248,31,1
"Naylor, Josh",L,FF,718248,31,2
"Naylor, Josh",L,FF,718248,31,3
"Bell, Josh",L,SL,718248,32,1
"Bell, Josh",L,CH,718248,32,2
"Bell, Josh",L,FF,718248,32,3
"Bell, Josh",L,CH,718248,32,4
"Bell, Josh",L,FF,718248,32,5
"Bell, Josh",L,FF,718248,32,6
"GimÃ©nez, AndrÃ©s",L,CH,718248,33,1
"GimÃ©nez, AndrÃ©s",L,FF,718248,33,2
"GimÃ©nez, AndrÃ©s",L,SL,718248,33,3
"Straw, Myles",R,SL,718248,38,1
"Straw, Myles",R,SI,718248,38,2
"Straw, Myles",R,SI,718248,38,3
"Brennan, Will",L,SL,718248,39,1
"Brennan, Will",L,FF,718248,39,2
"Brennan, Will",L,FF,718248,39,3
"Brennan, Will",L,SL,718248,39,4
"Gallagher, Cam",R,SI,718248,40,1
"Gallagher, Cam",R,SI,718248,40,2
"Gallagher, Cam",R,SL,718248,40,3
"Kwan, Steven",L,FF,718248,41,1
"Kwan, Steven",L,FF,718248,41,2
"Kwan, Steven",L,SL,718248,41,3
"Rosario, Amed",R,SI,718248,46,1
"Rosario, Amed",R,FF,718248,46,2
"Rosario, Amed",R,SL,718248,46,3
"Rosario, Amed",R,FF,718248,46,4
"Rosario, Amed",R,SI,718248,46,5
"RamÃ­rez, JosÃ©",L,CH,718248,47,1
"RamÃ­rez, JosÃ©",L,FF,718248,47,2
"RamÃ­rez, JosÃ©",L,FF,718248,47,3
"RamÃ­rez, JosÃ©",L,SL,718248,47,4
"Naylor, Josh",L,FF,718248,48,1
"Naylor, Josh",L,CH,718248,48,2
"Naylor, Josh",L,CH,718248,48,3
"Naylor, Josh",L,CH,718248,48,4
"Naylor, Josh",L,FF,718248,48,5
"Naylor, Josh",L,SL,718248,48,6
"Naylor, Josh",L,SL,718248,48,7
"Naylor, Josh",L,CH,718248,48,8
"Bell, Josh",L,CH,718248,54,1
"Bell, Josh",L,FF,718248,54,2
"Bell, Josh",L,SL,718248,54,3
"Bell, Josh",L,CH,718248,54,4
"Bell, Josh",L,FF,718248,54,5
"Bell, Josh",L,FF,718248,54,6
"Bell, Josh",L,CH,718248,54,7
"GimÃ©nez, AndrÃ©s",L,CH,718248,55,1
"GimÃ©nez, AndrÃ©s",L,CH,718248,55,2
"GimÃ©nez, AndrÃ©s",L,FF,718248,55,3
"GimÃ©nez, AndrÃ©s",L,FF,718248,55,4
"GimÃ©nez, AndrÃ©s",L,SL,718248,55,5
"GimÃ©nez, AndrÃ©s",L,FF,718248,55,6
"Straw, Myles",R,SL,718248,56,1
"Straw, Myles",R,SL,718248,56,2
"Straw, Myles",R,SL,718248,56,3
"Straw, Myles",R,SI,718248,56,4
"Nimmo, Brandon",L,FF,718329,1,1
"Nimmo, Brandon",L,FF,718329,1,2
"Nimmo, Brandon",L,SL,718329,1,3
"Nimmo, Brandon",L,CH,718329,1,4
"Nimmo, Brandon",L,FF,718329,1,5
"Nimmo, Brandon",L,FF,718329,1,6
"Lindor, Francisco",L,FF,718329,2,1
"Lindor, Francisco",L,FF,718329,2,2
"McNeil, Jeff",L,FF,718329,3,1
"McNeil, Jeff",L,SL,718329,3,2
"McNeil, Jeff",L,SL,718329,3,3
"McNeil, Jeff",L,SI,718329,3,4
"McNeil, Jeff",L,CH,718329,3,5
"Alonso, Pete",R,FF,718329,10,1
"Alonso, Pete",R,SL,718329,10,2
"Alonso, Pete",R,SI,718329,10,3
"Vogelbach, Daniel",L,FF,718329,11,1
"Vogelbach, Daniel",L,FF,718329,11,2
"Vogelbach, Daniel",L,FF,718329,11,3
"Canha, Mark",R,SI,718329,12,1
"Canha, Mark",R,SL,718329,12,2
"Canha, Mark",R,SL,718329,12,3
"Canha, Mark",R,FF,718329,12,4
"Baty, Brett",L,SL,718329,13,1
"Baty, Brett",L,CH,718329,13,2
"Baty, Brett",L,CH,718329,13,3
"Baty, Brett",L,SL,718329,13,4
"Guillorme, Luis",L,FF,718329,14,1
"Guillorme, Luis",L,FF,718329,14,2
"Guillorme, Luis",L,FF,718329,14,3
"Guillorme, Luis",L,CH,718329,14,4
"Guillorme, Luis",L,FF,718329,14,5
"Ãlvarez, Francisco",R,SI,718329,20,1
"Nimmo, Brandon",L,SL,718329,21,1
"Nimmo, Brandon",L,FF,718329,21,2
"Nimmo, Brandon",L,FF,718329,21,3
"Lindor, Francisco",L,SL,718329,22,1
"Lindor, Francisco",L,CH,718329,22,2
"Lindor, Francisco",L,SL,718329,22,3
"McNeil, Jeff",L,CH,718329,23,1
"McNeil, Jeff",L,SL,718329,23,2
"McNeil, Jeff",L,CH,718329,23,3
"McNeil, Jeff",L,FF,718329,23,4
"McNeil, Jeff",L,CH,718329,23,5
"Alonso, Pete",R,FF,718329,27,1
"Alonso, Pete",R,SL,718329,27,2
"Alonso, Pete",R,SL,718329,27,3
"Alonso, Pete",R,SL,718329,27,4
"Alonso, Pete",R,SL,718329,27,5
"Alonso, Pete",R,FF,718329,27,6
"Vogelbach, Daniel",L,SL,718329,28,1
"Vogelbach, Daniel",L,FF,718329,28,2
"Vogelbach, Daniel",L,CH,718329,28,3
"Vogelbach, Daniel",L,CH,718329,28,4
"Canha, Mark",R,FF,718329,29,1
"Canha, Mark",R,SI,718329,29,2
"Canha, Mark",R,SL,718329,29,3
"Canha, Mark",R,SL,718329,29,4
"Canha, Mark",R,SI,718329,29,5
"Baty, Brett",L,FF,718329,30,1
"Baty, Brett",L,CH,718329,30,2
"Guillorme, Luis",L,SL,718329,31,1
"Guillorme, Luis",L,FF,718329,31,2
"Ãlvarez, Francisco",R,SL,718329,39,1
"Ãlvarez, Francisco",R,SL,718329,39,2
"Nimmo, Brandon",L,FF,718329,40,1
"Nimmo, Brandon",L,FF,718329,40,2
"Nimmo, Brandon",L,CH,718329,40,3
"Nimmo, Brandon",L,SL,718329,40,4
"Lindor, Francisco",L,SL,718329,41,1
"Lindor, Francisco",L,FF,718329,41,2
"Lindor, Francisco",L,SL,718329,41,3
"McNeil, Jeff",L,CH,718329,45,1
"McNeil, Jeff",L,SL,718329,45,2
"McNeil, Jeff",L,FF,718329,45,3
"McNeil, Jeff",L,FF,718329,45,4
"Alonso, Pete",R,SL,718329,46,1
"Alonso, Pete",R,SI,718329,46,2
"Vogelbach, Daniel",L,FF,718329,47,1
"Vogelbach, Daniel",L,FF,718329,47,2
"Vogelbach, Daniel",L,CH,718329,47,3
"Vogelbach, Daniel",L,FF,718329,47,4
"Vogelbach, Daniel",L,FF,718329,47,5
"Vogelbach, Daniel",L,SL,718329,47,6
"Canha, Mark",R,SL,718329,51,1
"Canha, Mark",R,SL,718329,51,2
"Baty, Brett",L,SL,718329,52,1
"Baty, Brett",L,FF,718329,52,2
"Guillorme, Luis",L,FF,718329,53,1
"Guillorme, Luis",L,FF,718329,53,2
"Guillorme, Luis",L,SL,718329,53,3
"Guillorme, Luis",L,CH,718329,53,4
"Guillorme, Luis",L,FF,718329,53,5
"Guillorme, Luis",L,SL,718329,53,6
"Guillorme, Luis",L,SL,718329,53,7
"Guillorme, Luis",L,CH,718329,53,8
"Yelich, Christian",L,FF,718419,5,1
"Yelich, Christian",L,CH,718419,5,2
"Yelich, Christian",L,CT,718419,5,3
"Winker, Jesse",L,FF,718419,6,1
"Winker, Jesse",L,CT,718419,6,2
"Winker, Jesse",L,CB,718419,6,3
"Winker, Jesse",L,FF,718419,6,4
"Winker, Jesse",L,CH,718419,6,5
"Winker, Jesse",L,CT,718419,6,6
"Winker, Jesse",L,FF,718419,6,7
"Winker, Jesse",L,FF,718419,6,8
"Adames, Willy",R,SL,718419,7,1
"Adames, Willy",R,SL,718419,7,2
"Adames, Willy",R,SI,718419,7,3
"Tellez, Rowdy",L,FF,718419,8,1
"Tellez, Rowdy",L,SI,718419,8,2
"Tellez, Rowdy",L,SI,718419,8,3
"Tellez, Rowdy",L,SI,718419,8,4
"Tellez, Rowdy",L,CH,718419,8,5
"Tellez, Rowdy",L,SI,718419,8,6
"Tellez, Rowdy",L,CH,718419,8,7
"Anderson, Brian",R,FF,718419,9,1
"Anderson, Brian",R,SL,718419,9,2
"Caratini, Victor",L,FF,718419,10,1
"Caratini, Victor",L,CT,718419,10,2
"Caratini, Victor",L,CH,718419,10,3
"Caratini, Victor",L,CH,718419,10,4
"Caratini, Victor",L,CH,718419,10,5
"Turang, Brice",L,CT,718419,11,1
"Turang, Brice",L,CH,718419,11,2
"Brosseau, Mike",R,FF,718419,15,1
"Brosseau, Mike",R,SI,718419,15,2
"Brosseau, Mike",R,SI,718419,15,3
"Wiemer, Joey",R,SI,718419,16,1
"Wiemer, Joey",R,SL,718419,16,2
"Yelich, Christian",L,FF,718419,17,1
"Yelich, Christian",L,CB,718419,17,2
"Yelich, Christian",L,FF,718419,17,3
"Yelich, Christian",L,FF,718419,17,4
"Yelich, Christian",L,CT,718419,17,5
"Winker, Jesse",L,CH,718419,18,1
"Winker, Jesse",L,CT,718419,18,2
"Winker, Jesse",L,FF,718419,18,3
"Winker, Jesse",L,SI,718419,18,4
"Winker, Jesse",L,CT,718419,18,5
"Adames, Willy",R,SI,718419,19,1
"Tellez, Rowdy",L,CB,718419,20,1
"Tellez, Rowdy",L,SI,718419,20,2
"Tellez, Rowdy",L,SI,718419,20,3
"Tellez, Rowdy",L,FF,718419,20,4
"Tellez, Rowdy",L,CH,718419,20,5
"Tellez, Rowdy",L,FF,718419,20,6
"Anderson, Brian",R,SL,718419,26,1
"Anderson, Brian",R,SI,718419,26,2
"Anderson, Brian",R,SL,718419,26,3
"Caratini, Victor",L,CT,718419,27,1
"Turang, Brice",L,SI,718419,28,1
"Turang, Brice",L,CB,718419,28,2
"Turang, Brice",L,SI,718419,28,3
"Turang, Brice",L,CH,718419,28,4
"Turang, Brice",L,CH,718419,28,5
"Brosseau, Mike",R,SI,718419,29,1
"Brosseau, Mike",R,SI,718419,29,2
"Wiemer, Joey",R,SI,718419,30,1
"Wiemer, Joey",R,SI,718419,30,2
"Wiemer, Joey",R,SL,718419,30,3
"Wiemer, Joey",R,SI,718419,30,4
"Wiemer, Joey",R,FF,718419,30,5
"Wiemer, Joey",R,CB,718419,30,6
"Wiemer, Joey",R,SL,718419,30,7
"Yelich, Christian",L,FF,718419,31,1
"Yelich, Christian",L,FF,718419,31,2
"Yelich, Christian",L,FF,718419,31,3
"Winker, Jesse",L,CH,718419,38,1
"Adames, Willy",R,SL,718419,39,1
"Adames, Willy",R,SL,718419,39,2
"Adames, Willy",R,SI,718419,39,3
"Adames, Willy",R,CH,718419,39,4
"Adames, Willy",R,CH,718419,39,5
"Tellez, Rowdy",L,FF,718419,40,1
"Tellez, Rowdy",L,SI,718419,40,2
"Tellez, Rowdy",L,SI,718419,40,3
"Tellez, Rowdy",L,FF,718419,40,4
"Tellez, Rowdy",L,SI,718419,40,5
"Anderson, Brian",R,SI,718419,44,1
"Anderson, Brian",R,SI,718419,44,2
"Caratini, Victor",L,FF,718419,45,1
"Caratini, Victor",L,FF,718419,45,2
"Caratini, Victor",L,FF,718419,45,3
"Caratini, Victor",L,CH,718419,45,4
"Caratini, Victor",L,FF,718419,45,5
"Caratini, Victor",L,FF,718419,45,6
"Turang, Brice",L,FF,718419,46,1
"Turang, Brice",L,CB,718419,46,2
"Turang, Brice",L,CH,718419,46,3
"Turang, Brice",L,CH,718419,46,4
"Turang, Brice",L,SI,718419,46,5
"Turang, Brice",L,FF,718419,46,6
"Turang, Brice",L,FF,718419,46,7
"Brosseau, Mike",R,SL,718419,47,1
"Mullins, Cedric",L,FF,718495,5,1
"Mullins, Cedric",L,FF,718495,5,2
"Rutschman, Adley",L,SI,718495,6,1
"Rutschman, Adley",L,CT,718495,6,2
"Rutschman, Adley",L,CH,718495,6,3
"Rutschman, Adley",L,FF,718495,6,4
"Rutschman, Adley",L,FF,718495,6,5
"Rutschman, Adley",L,CH,718495,6,6
"Mountcastle, Ryan",R,SL,718495,7,1
"Mountcastle, Ryan",R,CT,718495,7,2
"Mountcastle, Ryan",R,FF,718495,7,3
"Mountcastle, Ryan",R,SI,718495,7,4
"Santander, Anthony",L,FF,718495,11,1
"Santander, Anthony",L,SL,718495,11,2
"Santander, Anthony",L,CT,718495,11,3
"Santander, Anthony",L,CH,718495,11,4
"Santander, Anthony",L,FF,718495,11,5
"Santander, Anthony",L,CH,718495,11,6
"Frazier, Adam",L,CH,718495,12,1
"Frazier, Adam",L,CT,718495,12,2
"Frazier, Adam",L,CH,718495,12,3
"Hays, Austin",R,SL,718495,13,1
"Hays, Austin",R,SL,718495,13,2
"Hays, Austin",R,SI,718495,13,3
"Hays, Austin",R,FF,718495,13,4
"Hays, Austin",R,SL,718495,13,5
"Hays, Austin",R,SL,718495,13,6
"Henderson, Gunnar",L,CT,718495,18,1
"Henderson, Gunnar",L,CH,718495,18,2
"Henderson, Gunnar",L,FF,718495,18,3
"Henderson, Gunnar",L,CH,718495,18,4
"Henderson, Gunnar",L,FF,718495,18,5
"Henderson, Gunnar",L,CH,718495,18,6
"UrÃ­as, RamÃ³n",R,SL,718495,19,1
"UrÃ­as, RamÃ³n",R,SI,718495,19,2
"Vavra, Terrin",L,CT,718495,20,1
"Vavra, Terrin",L,CT,718495,20,2
"Mullins, Cedric",L,CT,718495,24,1
"Mullins, Cedric",L,CH,718495,24,2
"Mullins, Cedric",L,FF,718495,24,3
"Mullins, Cedric",L,CH,718495,24,4
"Mullins, Cedric",L,CT,718495,24,5
"Mullins, Cedric",L,CH,718495,24,6
"Rutschman, Adley",L,SI,718495,25,1
"Rutschman, Adley",L,CH,718495,25,2
"Rutschman, Adley",L,CT,718495,25,3
"Rutschman, Adley",L,FF,718495,25,4
"Rutschman, Adley",L,CH,718495,25,5
"Mountcastle, Ryan",R,SL,718495,26,1
"Mountcastle, Ryan",R,SI,718495,26,2
"Santander, Anthony",L,CH,718495,27,1
"Santander, Anthony",L,CH,718495,27,2
"Frazier, Adam",L,FF,718495,31,1
"Frazier, Adam",L,CB,718495,31,2
"Frazier, Adam",L,SL,718495,31,3
"Hays, Austin",R,SI,718495,32,1
"Hays, Austin",R,SL,718495,32,2
"Henderson, Gunnar",L,CT,718495,33,1
"Henderson, Gunnar",L,CH,718495,33,2
"Henderson, Gunnar",L,FF,718495,33,3
"Henderson, Gunnar",L,CH,718495,33,4
"UrÃ­as, RamÃ³n",R,SL,718495,34,1
"UrÃ­as, RamÃ³n",R,SL,718495,34,2
"UrÃ­as, RamÃ³n",R,SL,718495,34,3
"UrÃ­as, RamÃ³n",R,FF,718495,34,4
"UrÃ­as, RamÃ³n",R,SL,718495,34,5
"UrÃ­as, RamÃ³n",R,SL,718495,34,6
"UrÃ­as, RamÃ³n",R,FF,718495,34,7
"Wade Jr., LaMonte",L,FF,718571,1,1
"Wade Jr., LaMonte",L,CH,718571,1,2
"Wade Jr., LaMonte",L,CH,718571,1,3
"Wade Jr., LaMonte",L,SL,718571,1,4
"Wade Jr., LaMonte",L,FF,718571,1,5
"Wade Jr., LaMonte",L,FF,718571,1,6
"Wade Jr., LaMonte",L,FF,718571,1,7
"Estrada, Thairo",R,SL,718571,2,1
"Estrada, Thairo",R,SI,718571,2,2
"Estrada, Thairo",R,SI,718571,2,3
"Yastrzemski, Mike",L,SL,718571,3,1
"Yastrzemski, Mike",L,SL,718571,3,2
"Yastrzemski, Mike",L,CH,718571,3,3
"Yastrzemski, Mike",L,CH,718571,3,4
"Yastrzemski, Mike",L,FF,718571,3,5
"Davis, J.D.",R,SL,718571,4,1
"Davis, J.D.",R,SI,718571,4,2
"Davis, J.D.",R,CH,718571,4,3
"Davis, J.D.",R,SL,718571,4,4
"Beaty, Matt",L,FF,718571,5,1
"Beaty, Matt",L,CH,718571,5,2
"Beaty, Matt",L,CH,718571,5,3
"Flores, Wilmer",R,SL,718571,6,1
"Flores, Wilmer",R,SL,718571,6,2
"Flores, Wilmer",R,FF,718571,6,3
"Flores, Wilmer",R,FF,718571,6,4
"Crawford, Brandon",L,SL,718571,10,1
"Crawford, Brandon",L,SL,718571,10,2
"Crawford, Brandon",L,CH,718571,10,3
"Crawford, Brandon",L,FF,718571,10,4
"Bart, Joey",R,FF,718571,11,1
"Bart, Joey",R,CB,718571,11,2
"Bart, Joey",R,SL,718571,11,3
"Sabol, Blake",L,SL,718571,12,1
"Sabol, Blake",L,SL,718571,12,2
"Wade Jr., LaMonte",L,FF,718571,13,1
"Wade Jr., LaMonte",L,FF,718571,13,2
"Wade Jr., LaMonte",L,CH,718571,13,3
"Wade Jr., LaMonte",L,FF,718571,13,4
"Wade Jr., LaMonte",L,CH,718571,13,5
"Estrada, Thairo",R,CB,718571,14,1
"Estrada, Thairo",R,CH,718571,14,2
"Estrada, Thairo",R,CH,718571,14,3
"Yastrzemski, Mike",L,CB,718571,19,1
"Davis, J.D.",R,SI,718571,20,1
"Davis, J.D.",R,SI,718571,20,2
"Davis, J.D.",R,SL,718571,20,3
"Davis, J.D.",R,CH,718571,20,4
"Davis, J.D.",R,CH,718571,20,5
"Beaty, Matt",L,FF,718571,21,1
"Flores, Wilmer",R,SI,718571,22,1
"Flores, Wilmer",R,SL,718571,22,2
"Flores, Wilmer",R,SI,718571,22,3
"Flores, Wilmer",R,SL,718571,22,4
"Crawford, Brandon",L,FF,718571,23,1
"Crawford, Brandon",L,FF,718571,23,2
"Crawford, Brandon",L,CH,718571,23,3
"Crawford, Brandon",L,FF,718571,23,4
"Crawford, Brandon",L,CH,718571,23,5
"Bart, Joey",R,SI,718571,24,1
"Sabol, Blake",L,FF,718571,25,1
"Sabol, Blake",L,CH,718571,25,2
"Sabol, Blake",L,FF,718571,25,3
"Wade Jr., LaMonte",L,CB,718571,29,1
"Wade Jr., LaMonte",L,FF,718571,29,2
"Estrada, Thairo",R,FF,718571,30,1
"Estrada, Thairo",R,SL,718571,30,2
"Yastrzemski, Mike",L,FF,718571,31,1
"Yastrzemski, Mike",L,CH,718571,31,2
"Yastrzemski, Mike",L,CH,718571,31,3
"Yastrzemski, Mike",L,FF,718571,31,4
"Yastrzemski, Mike",L,FF,718571,31,5
"Yastrzemski, Mike",L,FF,718571,31,6
"Davis, J.D.",R,SL,718571,32,1
"Davis, J.D.",R,SL,718571,32,2
"Davis, J.D.",R,CB,718571,32,3
"Davis, J.D.",R,CH,718571,32,4
"Davis, J.D.",R,FF,718571,32,5
"Davis, J.D.",R,FF,718571,32,6
"Tapia, Raimel",L,FF,719130,1,1
"Tapia, Raimel",L,CT,719130,1,2
"Tapia, Raimel",L,CB,719130,1,3
"Tapia, Raimel",L,CB,719130,1,4
"Tapia, Raimel",L,CH,719130,1,5
"Tapia, Raimel",L,FF,719130,1,6
"Tapia, Raimel",L,FF,719130,1,7
"Tapia, Raimel",L,CH,719130,1,8
"Casas, Triston",L,CT,719130,2,1
"Casas, Triston",L,CT,719130,2,2
"Casas, Triston",L,FF,719130,2,3
"Casas, Triston",L,CH,719130,2,4
"Casas, Triston",L,FF,719130,2,5
"Casas, Triston",L,CB,719130,2,6
"Casas, Triston",L,FF,719130,2,7
"Casas, Triston",L,FF,719130,2,8
"Casas, Triston",L,CT,719130,2,9
"Casas, Triston",L,CT,719130,2,10
"Casas, Triston",L,CH,719130,2,11
"Duvall, Adam",R,SI,719130,3,1
"Duvall, Adam",R,SI,719130,3,2
"Arroyo, Christian",R,SL,719130,4,1
"Arroyo, Christian",R,SL,719130,4,2
"Arroyo, Christian",R,FAHCK,719130,4,3
"Arroyo, Christian",R,FF,719130,4,4
"HernÃ¡ndez, Ronaldo",R,SI,719130,10,1
"HernÃ¡ndez, Ronaldo",R,SL,719130,10,2
"HernÃ¡ndez, Ronaldo",R,SI,719130,10,3
"HernÃ¡ndez, Ronaldo",R,SL,719130,10,4
"Allen, Greg",L,CT,719130,11,1
"Allen, Greg",L,CH,719130,11,2
"Allen, Greg",L,FF,719130,11,3
"Allen, Greg",L,CH,719130,11,4
"Allen, Greg",L,FF,719130,11,5
"Allen, Greg",L,CH,719130,11,6
"Allen, Greg",L,CH,719130,11,7
"Allen, Greg",L,CT,719130,11,8
"Allen, Greg",L,FF,719130,11,9
"Allen, Greg",L,CH,719130,11,10
"Koss, Christian",R,SI,719130,12,1
"Koss, Christian",R,SL,719130,12,2
"Koss, Christian",R,FAHCK,719130,12,3
"Koss, Christian",R,CH,719130,12,4
"Tapia, Raimel",L,CH,719130,16,1
"Tapia, Raimel",L,CT,719130,16,2
"Tapia, Raimel",L,SI,719130,16,3
"Tapia, Raimel",L,FF,719130,16,4
"Tapia, Raimel",L,FF,719130,16,5
"Tapia, Raimel",L,CH,719130,16,6
"Casas, Triston",L,CT,719130,17,1
"Duvall, Adam",R,SI,719130,18,1
"Duvall, Adam",R,SI,719130,18,2
"Duvall, Adam",R,CH,719130,18,3
"Duvall, Adam",R,CH,719130,18,4
"Duvall, Adam",R,SI,719130,18,5
"Arroyo, Christian",R,SI,719130,19,1
"Arroyo, Christian",R,SL,719130,19,2
"Arroyo, Christian",R,SL,719130,19,3
"Refsnyder, Rob",R,SL,719130,23,1
"Refsnyder, Rob",R,SL,719130,23,2
"Refsnyder, Rob",R,SI,719130,23,3
"Refsnyder, Rob",R,FF,719130,23,4
"Dalbec, Bobby",R,SI,719130,24,1
"Dalbec, Bobby",R,SL,719130,24,2
"Dalbec, Bobby",R,SL,719130,24,3
"Dalbec, Bobby",R,CH,719130,24,4
"Dalbec, Bobby",R,SL,719130,24,5
"Dalbec, Bobby",R,FAHCK,719130,24,6
"Dalbec, Bobby",R,SL,719130,24,7
"Bae, Ji Hwan",L,FF,719203,5,1
"Bae, Ji Hwan",L,CT,719203,5,2
"Bae, Ji Hwan",L,CH,719203,5,3
"Bae, Ji Hwan",L,CH,719203,5,4
"Bae, Ji Hwan",L,FF,719203,5,5
"Bae, Ji Hwan",L,CH,719203,5,6
"Reynolds, Bryan",L,CT,719203,6,1
"Reynolds, Bryan",L,SI,719203,6,2
"Reynolds, Bryan",L,FF,719203,6,3
"McCutchen, Andrew",R,SL,719203,7,1
"McCutchen, Andrew",R,SI,719203,7,2
"McCutchen, Andrew",R,FF,719203,7,3
"McCutchen, Andrew",R,CH,719203,7,4
"Santana, Carlos",L,FF,719203,11,1
"Santana, Carlos",L,CH,719203,11,2
"Santana, Carlos",L,SL,719203,11,3
"Santana, Carlos",L,SI,719203,11,4
"Santana, Carlos",L,SL,719203,11,5
"Santana, Carlos",L,CH,719203,11,6
"Santana, Carlos",L,SL,719203,11,7
"Santana, Carlos",L,FF,719203,11,8
"Suwinski, Jack",L,CT,719203,12,1
"Suwinski, Jack",L,CH,719203,12,2
"Suwinski, Jack",L,CT,719203,12,3
"Suwinski, Jack",L,CH,719203,12,4
"Suwinski, Jack",L,CH,719203,12,5
"Suwinski, Jack",L,CT,719203,12,6
"Suwinski, Jack",L,FF,719203,12,7
"Smith-Njigba, Canaan",L,FF,719203,13,1
"Smith-Njigba, Canaan",L,CT,719203,13,2
"Smith-Njigba, Canaan",L,SL,719203,13,3
"Smith-Njigba, Canaan",L,CH,719203,13,4
"Smith-Njigba, Canaan",L,CT,719203,13,5
"Smith-Njigba, Canaan",L,CT,719203,13,6
"Triolo, Jared",R,SI,719203,14,1
"Marcano, Tucupita",L,CT,719203,15,1
"Marcano, Tucupita",L,CH,719203,15,2
"Marcano, Tucupita",L,CT,719203,15,3
"Plawecki, Kevin",R,SI,719203,21,1
"Plawecki, Kevin",R,SI,719203,21,2
"Plawecki, Kevin",R,SL,719203,21,3
"Plawecki, Kevin",R,CH,719203,21,4
"Bae, Ji Hwan",L,CT,719203,22,1
"Bae, Ji Hwan",L,CT,719203,22,2
"Bae, Ji Hwan",L,CH,719203,22,3
"Bae, Ji Hwan",L,FF,719203,22,4
"Bae, Ji Hwan",L,CT,719203,22,5
"Reynolds, Bryan",L,CT,719203,23,1
"McCutchen, Andrew",R,FAHCK,719203,24,1
"McCutchen, Andrew",R,SL,719203,24,2
"McCutchen, Andrew",R,SI,719203,24,3
"McCutchen, Andrew",R,FF,719203,24,4
"McCutchen, Andrew",R,FAHCK,719203,24,5
"McCutchen, Andrew",R,CH,719203,24,6
"McCutchen, Andrew",R,CH,719203,24,7
"McCutchen, Andrew",R,SI,719203,24,8
"LeMahieu, DJ",R,SI,719300,4,1
"LeMahieu, DJ",R,SI,719300,4,2
"LeMahieu, DJ",R,FAHCK,719300,4,3
"LeMahieu, DJ",R,FF,719300,4,4
"Judge, Aaron",R,SI,719300,5,1
"Judge, Aaron",R,FAHCK,719300,5,2
"Judge, Aaron",R,CH,719300,5,3
"Torres, Gleyber",R,FAHCK,719300,6,1
"Torres, Gleyber",R,SI,719300,6,2
"Torres, Gleyber",R,FAHCK,719300,6,3
"Torres, Gleyber",R,FAHCK,719300,6,4
"Torres, Gleyber",R,FAHCK,719300,6,5
"Torres, Gleyber",R,FF,719300,6,6
"Torres, Gleyber",R,FAHCK,719300,6,7
"Stanton, Giancarlo",R,SL,719300,7,1
"Stanton, Giancarlo",R,SI,719300,7,2
"Stanton, Giancarlo",R,SI,719300,7,3
"Stanton, Giancarlo",R,CH,719300,7,4
"Calhoun, Willie",L,CB,719300,12,1
"Calhoun, Willie",L,CH,719300,12,2
"Calhoun, Willie",L,CH,719300,12,3
"Bader, Harrison",R,SI,719300,13,1
"Kiner-Falefa, Isiah",R,FAHCK,719300,14,1
"Kiner-Falefa, Isiah",R,FAHCK,719300,14,2
"Kiner-Falefa, Isiah",R,FAHCK,719300,14,3
"Kiner-Falefa, Isiah",R,CH,719300,14,4
"Kiner-Falefa, Isiah",R,FF,719300,14,5
"Kiner-Falefa, Isiah",R,FF,719300,14,6
"Kiner-Falefa, Isiah",R,FAHCK,719300,14,7
"Higashioka, Kyle",R,SL,719300,15,1
"Higashioka, Kyle",R,FAHCK,719300,15,2
"Higashioka, Kyle",R,FF,719300,15,3
"Higashioka, Kyle",R,SI,719300,15,4
"Higashioka, Kyle",R,SL,719300,15,5
"Higashioka, Kyle",R,SL,719300,15,6
"McKinney, Billy",L,FF,719300,16,1
"McKinney, Billy",L,CH,719300,16,2
"McKinney, Billy",L,CH,719300,16,3
"Moreno, Gabriel",R,SL,748539,39,1
"Moreno, Gabriel",R,SL,748539,39,2
"Moreno, Gabriel",R,SL,748539,39,3
"Walker, Christian",R,SL,748539,40,1
"Walker, Christian",R,SL,748539,40,2
"Walker, Christian",R,SL,748539,40,3
"Walker, Christian",R,SL,748539,40,4
"Walker, Christian",R,SL,748539,40,5
"Walker, Christian",R,SL,748539,40,6
"Pham, Tommy",R,SL,748539,41,1
"Pham, Tommy",R,SL,748539,41,2
"Pham, Tommy",R,SL,748539,41,3
"Pham, Tommy",R,CH,748539,41,4
"Pham, Tommy",R,SI,748539,41,5
"Gurriel Jr., Lourdes",R,FF,748539,45,1
"Thomas, Alek",L,FF,748539,46,1
"Thomas, Alek",L,CB,748539,46,2
"Longoria, Evan",R,SI,748539,47,1
"Longoria, Evan",R,SI,748539,47,2
"Harris II, Michael",L,FF,748564,75,1
"Harris II, Michael",L,FF,748564,75,2
"Harris II, Michael",L,FF,748564,75,3
"Harris II, Michael",L,CH,748564,75,4
"Harris II, Michael",L,FF,748564,75,5
"Acuña Jr., Ronald",R,CB,748564,76,1
"Acuña Jr., Ronald",R,SI,748564,76,2
"Albies, Ozzie",L,CB,748564,77,1
"Albies, Ozzie",L,CH,748564,77,2
"Albies, Ozzie",L,CH,748564,77,3
"Albies, Ozzie",L,SI,748564,77,4
"Albies, Ozzie",L,FF,748564,77,5
"Riley, Austin",R,FF,748564,78,1
"Olson, Matt",L,FF,748564,79,1
"Olson, Matt",L,FF,748564,79,2
"Olson, Matt",L,CH,748564,79,3
"Olson, Matt",L,CB,748564,79,4
"Olson, Matt",L,FF,748564,79,5
